,OG_Title,TMDB_Title,Release_Date,Rating,Genre_IDs,MovieAge,Semester,Weekday,Date,Attendance
0,Kingsman 2,Kingsman: The Golden Circle,2017-09-20,6.969,"['Action', 'Adventure', 'Comedy']",202 days,Sommersemester,Tuesday,2018-04-10,87
1,Ferris Bueller's Day off,Ferris Bueller's Day Off,1986-06-11,7.605,['Comedy'],11627 days,Sommersemester,Wednesday,2018-04-11,16
2,Detroit,Detroit,2017-07-28,7.3,"['Crime', 'Drama', 'Thriller', 'History']",264 days,Sommersemester,Wednesday,2018-04-18,9
3,It,It,2017-09-06,7.243,"['Horror', 'Fantasy']",230 days,Sommersemester,Tuesday,2018-04-24,102
4,The Square,The Square,2017-08-25,6.765,['Drama'],243 days,Sommersemester,Wednesday,2018-04-25,30
5,Badlands,Badlands,1974-01-05,7.538,"['Crime', 'Drama', 'Romance']",16182 days,Sommersemester,Thursday,2018-04-26,3
6,Birdboy,Birdboy,2011-06-04,7.021,"['Fantasy', 'Adventure', 'Animation', 'Drama']",2530 days,Sommersemester,Tuesday,2018-05-08,43
7,Wild,Wild,2014-01-16,7.023,['Drama'],1574 days,Sommersemester,Wednesday,2018-05-09,3
8,The Big Sick,The Big Sick,2017-03-30,7.345,"['Comedy', 'Drama', 'Romance']",406 days,Sommersemester,Thursday,2018-05-10,11
9,Blade Runner 2049,Blade Runner 2049,2017-10-04,7.546,"['Science Fiction', 'Drama']",223 days,Sommersemester,Tuesday,2018-05-15,101
10,Freeheld ,Freeheld,2015-10-02,7.294,"['Romance', 'Drama']",957 days,Sommersemester,Wednesday,2018-05-16,13
11,Hero,Hero,1992-10-02,6.39,"['Comedy', 'Drama']",9371 days,Sommersemester,Wednesday,2018-05-30,11
12,Your Name,Your Name.,2016-08-26,8.513,"['Romance', 'Animation', 'Drama']",648 days,Sommersemester,Tuesday,2018-06-05,93
13,Aus dem Nichts,In the Fade,2017-11-23,6.904,"['Drama', 'Crime']",195 days,Sommersemester,Wednesday,2018-06-06,39
14,Dheepan,Dheepan,2015-08-26,6.839,"['Crime', 'Drama']",1016 days,Sommersemester,Thursday,2018-06-07,12
15,The Killing of a sacred deer,The Killing of a Sacred Deer,2017-10-20,7.016,"['Drama', 'Thriller', 'Mystery']",236 days,Sommersemester,Wednesday,2018-06-13,32
16,Weit.,As Far As My Feet Will Carry Me,2001-12-12,7.318,"['Drama', 'War']",6028 days,Sommersemester,Thursday,2018-06-14,56
17,Lady Bird,Lady Bird,2017-09-01,7.3,"['Drama', 'Comedy']",291 days,Sommersemester,Tuesday,2018-06-19,65
18,Die Vierhändige,Four Hands,2017-11-30,5.4,"['Thriller', 'Drama']",202 days,Sommersemester,Wednesday,2018-06-20,3
19,Loving Vincent,Loving Vincent,2017-06-22,8.025,"['Animation', 'Drama', 'Mystery', 'History']",369 days,Sommersemester,Tuesday,2018-06-26,112
20,"I, Tonya","I, Tonya",2017-12-08,7.501,"['Drama', 'Comedy']",201 days,Sommersemester,Wednesday,2018-06-27,29
21,Three Billboards,"Three Billboards Outside Ebbing, Missouri",2017-12-01,8.081,"['Crime', 'Drama']",214 days,Sommersemester,Tuesday,2018-07-03,61
22,Call me by your name,Call Me by Your Name,2017-09-01,8.166,"['Romance', 'Drama']",306 days,Sommersemester,Wednesday,2018-07-04,119
23,Shape of water,The Shape of Water,2017-12-01,7.247,"['Drama', 'Fantasy', 'Romance']",221 days,Sommersemester,Tuesday,2018-07-10,64
24,The Florida Project,The Florida Project,2017-10-06,7.409,['Drama'],278 days,Sommersemester,Wednesday,2018-07-11,39
25,Kleine schmutzige Tricks,Dirty Pretty Things,2002-09-05,6.835,"['Crime', 'Drama', 'Thriller']",964 days,Sommersemester,Tuesday,2005-04-26,67
26,Mathilde - Eine große Liebe,A Very Long Engagement,2004-10-27,7.326,"['Drama', 'Romance', 'War']",182 days,Sommersemester,Wednesday,2005-04-27,198
27,Just a kiss,Just a Kiss,2002-06-15,4.5,"['Comedy', 'Romance']",1053 days,Sommersemester,Tuesday,2005-05-03,73
28,Before Night Falls,Before Night Falls,2000-09-03,6.6,['Drama'],1704 days,Sommersemester,Wednesday,2005-05-04,63
29,Die Geschichte vom weinenden Kamel,The Story of the Weeping Camel,2003-06-29,7.1,"['Documentary', 'Drama']",681 days,Sommersemester,Tuesday,2005-05-10,109
30,Außer Atem,Breathless,1960-03-16,7.576,"['Drama', 'Crime']",16506 days,Sommersemester,Wednesday,2005-05-25,7
31,My Architect,My Architect: A Son's Journey,2003-11-12,7.154,['Documentary'],566 days,Sommersemester,Tuesday,2005-05-31,39
32,Tricks,Tricks,1997-12-27,6.98,"['Drama', 'TV Movie']",2713 days,Sommersemester,Wednesday,2005-06-01,29
33,Mambo Italiano,Mambo Italiano,2003-06-06,5.822,"['Comedy', 'Romance']",739 days,Sommersemester,Tuesday,2005-06-14,51
34,Am achten Tag,The Eighth Day,1996-05-22,7.4,['Drama'],3325 days,Sommersemester,Wednesday,2005-06-29,21
35,Sexy Beast,Sexy Beast,2001-01-12,6.972,"['Crime', 'Drama', 'Thriller']",1643 days,Sommersemester,Wednesday,2005-07-13,9
36,Uzumaki,Uzumaki,2000-02-11,5.898,"['Mystery', 'Fantasy', 'Horror']",1986 days,Sommersemester,Wednesday,2005-07-20,34
37,Lichter,Distant Lights,2003-02-11,7.446,['Drama'],896 days,Sommersemester,Tuesday,2005-07-26,25
38,Mystic River,Mystic River,2003-03-03,7.749,"['Thriller', 'Crime', 'Drama', 'Mystery']",877 days,Sommersemester,Wednesday,2005-07-27,14
39,Jalla! Jalla!,The Best Man's Wedding,2000-12-22,6.3,"['Comedy', 'Drama']",1641 days,Sommersemester,Monday,2005-06-20,17
40,Der Mann ohne Vergangenheit,The Man Without a Past,1970-04-26,7.8,['Documentary'],12840 days,Sommersemester,Tuesday,2005-06-21,32
41,Kitchen Stories,Kitchen Stories,2004-01-02,7.025,"['Drama', 'Comedy']",537 days,Sommersemester,Wednesday,2005-06-22,58
42,No Place on Earth,No Place on Earth,2012-09-10,6.7,"['Documentary', 'War']",589 days,Sommersemester,Tuesday,2014-04-22,7
43,Into the White,Into the White,2012-03-09,6.885,"['War', 'Action', 'Drama']",775 days,Sommersemester,Wednesday,2014-04-23,1
44,Gravity,Gravity,2013-10-03,7.163,"['Science Fiction', 'Thriller', 'Drama']",208 days,Sommersemester,Tuesday,2014-04-29,44
45,RED 2,RED 2,2013-07-18,6.5,"['Action', 'Comedy', 'Crime', 'Thriller']",292 days,Sommersemester,Tuesday,2014-05-06,9
46,Jung und Schön,Young & Beautiful,2013-08-21,6.446,['Drama'],259 days,Sommersemester,Wednesday,2014-05-07,21
47,Alois Nebel,Alois Nebel,2011-09-04,6.732,"['Animation', 'Drama']",982 days,Sommersemester,Tuesday,2014-05-13,0
48,12 Years a slave,12 Years a Slave,2013-10-18,7.945,"['Drama', 'History']",214 days,Sommersemester,Tuesday,2014-05-20,115
49,The Bling Ring,The Bling Ring,2013-06-12,5.405,"['Drama', 'Crime']",343 days,Sommersemester,Wednesday,2014-05-21,37
50,Blue Jasmin,Blue Jasmine,2013-08-01,6.998,['Drama'],299 days,Sommersemester,Tuesday,2014-05-27,47
51,Inside Llewyn Davis,Inside Llewyn Davis,2013-10-13,7.203,"['Drama', 'Music']",227 days,Sommersemester,Wednesday,2014-05-28,15
52,Metropia,Metropia,2009-10-21,6.062,"['Animation', 'Drama', 'Science Fiction', 'Thriller']",1686 days,Sommersemester,Tuesday,2014-06-03,12
53,Fack ju Göhte,Suck Me Shakespeer,2013-11-07,7.024,['Comedy'],209 days,Sommersemester,Wednesday,2014-06-04,226
54,Antboy,Antboy,2013-09-07,5.64,"['Comedy', 'Adventure', 'Family']",283 days,Sommersemester,Tuesday,2014-06-17,2
55,Der Schaum der Tage,Mood Indigo,2013-01-10,6.2,"['Drama', 'Fantasy']",530 days,Sommersemester,Tuesday,2014-06-24,10
56,Mohnblumenberg,From Up on Poppy Hill,2011-07-16,7.536,"['Animation', 'Drama']",1081 days,Sommersemester,Tuesday,2014-07-01,32
57,Kill your Darlings,Kill Your Darlings,2013-06-10,7.1,"['Drama', 'Romance', 'Thriller']",387 days,Sommersemester,Wednesday,2014-07-02,9
58,Alphabet,Alphabet,2013-10-31,7.0,['Documentary'],250 days,Sommersemester,Tuesday,2014-07-08,18
59,Renoir,Renoir,2012-07-02,6.4,"['Drama', 'Romance']",737 days,Sommersemester,Wednesday,2014-07-09,5
60,Blau ist eine warme Farbe,Blue Is the Warmest Color,2013-10-09,7.086,"['Romance', 'Drama']",280 days,Sommersemester,Wednesday,2014-07-16,24
61,Wir kaufen einen Zoo,We Bought a Zoo,2011-12-08,6.77,"['Drama', 'Comedy', 'Family']",307 days,Wintersemester,Wednesday,2012-10-10,31
62,Tomboy,Tomboy,2011-04-20,7.285,['Drama'],545 days,Wintersemester,Tuesday,2012-10-16,31
63,My week with Marilyn,My Week with Marilyn,2011-11-23,6.687,"['Drama', 'Romance']",335 days,Wintersemester,Tuesday,2012-10-23,55
64,Dark knight rises,The Dark Knight Rises,2012-07-17,7.777,"['Action', 'Crime', 'Drama', 'Thriller']",99 days,Wintersemester,Wednesday,2012-10-24,210
65,Dark shadows,Dark Shadows,2012-05-09,6.046,"['Comedy', 'Fantasy']",174 days,Wintersemester,Tuesday,2012-10-30,137
66,Sleep tight,Sleep Tight,2011-10-14,7.1,"['Thriller', 'Horror']",383 days,Wintersemester,Wednesday,2012-10-31,25
67,Das Schwein von Gaza,When Pigs Have Wings,2011-09-21,6.994,['Comedy'],413 days,Wintersemester,Wednesday,2012-11-07,70
68,Hasta la vista,Come As You Are,2011-09-02,6.858,"['Drama', 'Comedy']",438 days,Wintersemester,Tuesday,2012-11-13,14
69,Moonrise Kingdom,Moonrise Kingdom,2012-05-16,7.693,"['Comedy', 'Drama', 'Romance']",182 days,Wintersemester,Wednesday,2012-11-14,66
70,Polytechnique,Polytechnique,2009-02-06,7.169,"['Crime', 'Drama', 'Thriller']",1390 days,Wintersemester,Tuesday,2012-11-27,11
71,Starbuck,Starbuck,2011-07-27,6.9,['Comedy'],490 days,Wintersemester,Wednesday,2012-11-28,41
72,Holy Motors,Holy Motors,2012-07-02,7.024,"['Drama', 'Fantasy']",156 days,Wintersemester,Wednesday,2012-12-05,15
73,"Wer weiß, wohin?",Where Do We Go Now?,2011-09-14,7.471,"['Drama', 'Comedy']",454 days,Wintersemester,Tuesday,2012-12-11,19
74,We need to talk about Kevin,We Need to Talk About Kevin,2011-09-28,7.56,"['Drama', 'Thriller']",441 days,Wintersemester,Wednesday,2012-12-12,27
75,Hugo Cabret,Hugo,2011-11-22,7.172,"['Adventure', 'Drama', 'Family']",393 days,Wintersemester,Wednesday,2012-12-19,46
76,Sunshine cleaning,Sunshine Cleaning,2008-01-18,6.583,"['Comedy', 'Drama']",1817 days,Wintersemester,Tuesday,2013-01-08,31
77,Kill me please,Kill Me Please,2010-11-03,6.718,"['Comedy', 'Drama']",798 days,Wintersemester,Wednesday,2013-01-09,24
78,Sag Salim,All Good,2012-05-18,5.7,['Comedy'],243 days,Wintersemester,Wednesday,2013-01-16,9
79,Parada,The Parade,2011-10-31,6.7,"['Comedy', 'Drama']",449 days,Wintersemester,Tuesday,2013-01-22,10
80,Sons of Norway,Sons of Norway,2011-09-09,6.6,['Drama'],502 days,Wintersemester,Wednesday,2013-01-23,27
81,Sound it out,Sound It Out,2011-11-04,7.1,['Documentary'],459 days,Wintersemester,Tuesday,2013-02-05,2
82,The Batman,The Batman,2022-03-01,7.7,"['Crime', 'Mystery', 'Thriller']",238 days,Wintersemester,Tuesday,2022-10-25,21
83,The Innocents,The Innocents,1961-12-15,7.453,"['Horror', 'Mystery']",22230 days,Wintersemester,Wednesday,2022-10-26,14
84,Revolution of Our Times,Revolution of Our Times,2021-11-22,8.292,['Documentary'],345 days,Wintersemester,Wednesday,2022-11-02,30
85,The Worst Person in the World,The Worst Person in the World,2021-10-13,7.549,"['Drama', 'Comedy', 'Romance']",391 days,Wintersemester,Tuesday,2022-11-08,16
86,Elvis,Elvis,2022-06-22,7.589,"['Drama', 'Music', 'History']",146 days,Wintersemester,Tuesday,2022-11-15,34
87,Moulin Rouge! ,Moulin Rouge!,2001-05-24,7.574,"['Drama', 'Romance', 'Music']",7846 days,Wintersemester,Wednesday,2022-11-16,39
88,River,River,2016-03-11,5.844,['Thriller'],2447 days,Wintersemester,Tuesday,2022-11-22,10
89,C'mon C'mon,C'mon C'mon,2021-11-19,7.289,['Drama'],369 days,Wintersemester,Wednesday,2022-11-23,8
90,The Unbearable Weight of Massive Talent,The Unbearable Weight of Massive Talent,2022-04-20,6.8,"['Action', 'Comedy', 'Crime']",223 days,Wintersemester,Tuesday,2022-11-29,7
91,Dogville,Dogville,2003-05-19,7.778,"['Crime', 'Drama', 'Thriller']",7135 days,Wintersemester,Wednesday,2022-11-30,7
92,Das Ereignis,Soldier Boyz,1996-01-26,5.2,"['Thriller', 'Action', 'Drama']",9811 days,Wintersemester,Tuesday,2022-12-06,6
93,Moneyboys,Moneyboys,2021-11-19,6.7,['Drama'],383 days,Wintersemester,Wednesday,2022-12-07,3
94,The Electrical Life of Louis Wain,The Electrical Life of Louis Wain,2021-10-21,6.962,"['Drama', 'History', 'Comedy']",418 days,Wintersemester,Tuesday,2022-12-13,10
95,"Das Licht, aus dem die Träume sind",Last Film Show,2022-01-06,7.5,['Drama'],342 days,Wintersemester,Wednesday,2022-12-14,4
96,Everything Everywhere All At Once,Everything Everywhere All at Once,2022-03-24,7.82,"['Action', 'Adventure', 'Science Fiction']",292 days,Wintersemester,Tuesday,2023-01-10,68
97,Rabiye Kurnaz vs. George W. Bush,Rabiye Kurnaz vs. George W. Bush,2022-04-28,6.315,"['Drama', 'History']",264 days,Wintersemester,Tuesday,2023-01-17,3
98,Der beste Film aller Zeiten,Official Competition,2021-09-04,6.781,"['Comedy', 'Drama']",501 days,Wintersemester,Wednesday,2023-01-18,1
99,Vertigo ,Vertigo,2021-09-09,8.48,['Documentary'],497 days,Wintersemester,Thursday,2023-01-19,10
100,Tomorrow - Die Welt ist voller Lösungen,Tomorrow,2015-11-15,7.81,['Documentary'],2627 days,Wintersemester,Tuesday,2023-01-24,9
101,Top Gun: Maverick,Top Gun: Maverick,2022-05-24,8.253,"['Action', 'Drama']",247 days,Wintersemester,Thursday,2023-01-26,2
102,Wo in Paris die Sonne aufgeht,"Paris, 13th District",2021-11-03,7.008,"['Drama', 'Romance']",454 days,Wintersemester,Tuesday,2023-01-31,4
103,Triangle of Sadness,Triangle of Sadness,2022-09-18,7.118,"['Comedy', 'Drama']",136 days,Wintersemester,Wednesday,2023-02-01,30
104,Vortex,Vortex,2022-01-27,7.175,['Drama'],376 days,Wintersemester,Tuesday,2023-02-07,2
105,Men,Men,2022-05-20,6.215,"['Horror', 'Thriller', 'Fantasy']",264 days,Wintersemester,Wednesday,2023-02-08,13
106,Free Rainer,Reclaim Your Brain,2007-09-11,6.643,"['Comedy', 'Drama']",204 days,Sommersemester,Wednesday,2008-04-02,25
107,Hallam Foe,Hallam Foe,2007-02-16,6.6,"['Drama', 'Comedy', 'Thriller']",417 days,Sommersemester,Tuesday,2008-04-08,39
108,Abbitte,Atonement,2007-09-07,7.649,"['Drama', 'Romance']",215 days,Sommersemester,Wednesday,2008-04-09,97
109,Zusammen ist man weniger allein,Hunting & Gathering,2007-03-21,6.602,"['Romance', 'Drama']",392 days,Sommersemester,Wednesday,2008-04-16,145
110,Top Secret,Top Secret!,1984-06-08,7.073,['Comedy'],8719 days,Sommersemester,Tuesday,2008-04-22,22
111,Hurlyburly,Hurlyburly,1998-12-25,5.598,"['Comedy', 'Drama']",3407 days,Sommersemester,Wednesday,2008-04-23,47
112,Gosford Park,Gosford Park,2001-11-07,6.857,"['Drama', 'Mystery', 'Thriller']",2365 days,Sommersemester,Tuesday,2008-04-29,30
113,Robert Altmans Last Radio Show,A Prairie Home Companion,2006-06-09,6.3,"['Drama', 'Comedy', 'Music']",691 days,Sommersemester,Wednesday,2008-04-30,8
114,Auf der anderen Seite,The Edge of Heaven,2007-09-27,7.188,['Drama'],222 days,Sommersemester,Tuesday,2008-05-06,109
115,2:37,2:37,2006-05-26,6.567,['Drama'],712 days,Sommersemester,Wednesday,2008-05-07,16
116,Persepolis,Persepolis,2007-06-27,7.906,"['Animation', 'Drama']",335 days,Sommersemester,Tuesday,2008-05-27,86
117,"I'm a cyborg, but that's ok","I'm a Cyborg, but That's OK",2006-12-07,7.117,"['Drama', 'Comedy', 'Romance']",545 days,Sommersemester,Wednesday,2008-06-04,56
118,Die Ermordung des Jesse …,The Assassination of Jesse James by the Coward Robert Ford,2007-09-20,7.048,"['Action', 'Drama', 'Western']",264 days,Sommersemester,Tuesday,2008-06-10,14
119,Don't come knocking,Don't Come Knocking,2005-05-19,6.319,"['Drama', 'Western']",1119 days,Sommersemester,Wednesday,2008-06-11,11
120,Control,Control,2007-09-12,7.5,['Drama'],280 days,Sommersemester,Wednesday,2008-06-18,42
121,Die Band von nebenan,The Band's Visit,2007-05-19,7.145,"['Comedy', 'Drama']",402 days,Sommersemester,Tuesday,2008-06-24,28
122,Am Ende kommen Touristen,And Along Come Tourists,2007-05-21,6.6,['Drama'],415 days,Sommersemester,Wednesday,2008-07-09,65
123,Mad Max,Mad Max,1979-04-12,6.685,"['Adventure', 'Action', 'Thriller', 'Science Fiction']",13515 days,Sommersemester,Tuesday,2016-04-12,78
124,Taxi Teheran,Taxi,2015-04-15,7.044,"['Comedy', 'Drama', 'Documentary']",364 days,Sommersemester,Wednesday,2016-04-13,29
125,Gone Girl,Gone Girl,2014-10-01,7.893,"['Mystery', 'Thriller', 'Drama']",566 days,Sommersemester,Tuesday,2016-04-19,94
126,Von Caligari zu Hitler,From Caligari to Hitler,2015-05-28,7.2,"['Documentary', 'History']",328 days,Sommersemester,Wednesday,2016-04-20,5
127,Berandal,The Raid 2,2014-03-27,7.6,"['Action', 'Crime', 'Thriller']",761 days,Sommersemester,Tuesday,2016-04-26,22
128,Her,Her,2013-12-18,7.863,"['Romance', 'Science Fiction', 'Drama']",861 days,Sommersemester,Wednesday,2016-04-27,65
129,Inside Out,Inside Out,2015-06-09,7.922,"['Animation', 'Family', 'Adventure', 'Drama', 'Comedy']",329 days,Sommersemester,Tuesday,2016-05-03,140
130,The Lobster,The Lobster,2015-10-15,7.038,"['Comedy', 'Drama', 'Romance']",202 days,Sommersemester,Wednesday,2016-05-04,61
131,Spotlight,Spotlight,2015-11-06,7.815,"['Drama', 'History']",186 days,Sommersemester,Tuesday,2016-05-10,61
132,Malala,He Named Me Malala,2015-09-12,6.7,['Documentary'],242 days,Sommersemester,Wednesday,2016-05-11,100
133,Star Wars,Star Wars,1977-05-25,8.2,"['Adventure', 'Action', 'Science Fiction']",14244 days,Sommersemester,Tuesday,2016-05-24,114
134,The Hours,The Hours,2002-12-27,7.283,['Drama'],4898 days,Sommersemester,Wednesday,2016-05-25,17
135,Ich und Earl und das Mädchen,Me and Earl and the Dying Girl,2015-06-12,7.544,"['Drama', 'Comedy']",354 days,Sommersemester,Tuesday,2016-05-31,19
136,Mustang,Mustang,2015-06-17,7.782,['Drama'],350 days,Sommersemester,Wednesday,2016-06-01,34
137,Legend,Legend,2015-09-09,7.031,"['Crime', 'Thriller']",272 days,Sommersemester,Tuesday,2016-06-07,73
138,Die Melodie des Meeres,Song of the Sea,2014-09-06,8.017,"['Family', 'Animation', 'Fantasy']",647 days,Sommersemester,Tuesday,2016-06-14,62
139,Krigen,A War,2015-09-10,6.64,"['Drama', 'War']",279 days,Sommersemester,Wednesday,2016-06-15,7
140,The Hateful 8,The Hateful Eight,2015-12-25,7.747,"['Drama', 'Mystery', 'Western']",179 days,Sommersemester,Tuesday,2016-06-21,76
141,Night Moves,Night Moves,2014-04-23,5.829,"['Thriller', 'Drama']",791 days,Sommersemester,Wednesday,2016-06-22,12
142,Deathgasm,Deathgasm,2015-08-28,6.274,"['Comedy', 'Horror', 'Music']",305 days,Sommersemester,Tuesday,2016-06-28,28
143,Suffragette,Suffragette,2015-10-16,7.263,"['Drama', 'History']",257 days,Sommersemester,Wednesday,2016-06-29,48
144,The Revenant,The Revenant,2015-12-25,7.527,"['Western', 'Drama', 'Adventure']",193 days,Sommersemester,Tuesday,2016-07-05,49
145,Das brandneue Testament,The Brand New Testament,2015-09-02,6.655,"['Comedy', 'Fantasy']",308 days,Sommersemester,Wednesday,2016-07-06,68
146,Der Bunker,The Bunker,2015-02-07,6.13,"['Comedy', 'Drama', 'Horror']",521 days,Sommersemester,Tuesday,2016-07-12,38
147,Bohemian Rhapsody,Bohemian Rhapsody,2018-10-24,7.996,"['Music', 'Drama', 'History']",167 days,Sommersemester,Tuesday,2019-04-09,276
148,Requiem for a Dream,Requiem for a Dream,2000-10-06,8.025,"['Crime', 'Drama']",6760 days,Sommersemester,Wednesday,2019-04-10,17
149,Zabriskie Point,Zabriskie Point,1970-03-26,7.09,['Drama'],17913 days,Sommersemester,Thursday,2019-04-11,3
150,Blue My Mind,Blue My Mind,2017-10-02,6.746,"['Fantasy', 'Drama']",561 days,Sommersemester,Tuesday,2019-04-16,17
151,Transit,Transit,2018-04-25,6.648,['Drama'],357 days,Sommersemester,Wednesday,2019-04-17,14
152,Dave made a Maze,Dave Made a Maze,2017-08-18,6.362,"['Comedy', 'Adventure', 'Horror', 'Fantasy']",613 days,Sommersemester,Tuesday,2019-04-23,19
153,Soylent Green,Soylent Green,1973-04-18,6.942,"['Science Fiction', 'Thriller']",16807 days,Sommersemester,Wednesday,2019-04-24,34
154,McQueen,McQueen,2018-06-08,7.521,['Documentary'],321 days,Sommersemester,Thursday,2019-04-25,50
155,Why Are we Creative?,Why Are We Creative?: The Centipede's Dilemma,2018-09-07,6.64,['Documentary'],235 days,Sommersemester,Tuesday,2019-04-30,56
156,Leave no Trace,Leave No Trace,2018-06-29,6.782,['Drama'],307 days,Sommersemester,Thursday,2019-05-02,17
157,Welcome to Sodom,Welcome to Sodom,2018-03-20,6.96,['Documentary'],414 days,Sommersemester,Wednesday,2019-05-08,54
158,American Animals,American Animals,2018-06-01,6.78,"['Drama', 'Crime', 'Documentary']",342 days,Sommersemester,Thursday,2019-05-09,24
159,Mutafukaz,MFKZ,2018-05-23,7.126,"['Science Fiction', 'Animation', 'Action', 'Crime', 'Comedy']",356 days,Sommersemester,Tuesday,2019-05-14,23
160,Kirschblüten und rote Bohnen,Sweet Bean,2015-05-30,7.45,['Drama'],1446 days,Sommersemester,Wednesday,2019-05-15,23
161,Mandy,Mandy,2018-09-13,6.192,"['Horror', 'Action', 'Thriller', 'Fantasy']",245 days,Sommersemester,Thursday,2019-05-16,30
162,Das wandelnde Schloss,Howl's Moving Castle,2004-09-09,8.406,"['Fantasy', 'Animation', 'Adventure']",5368 days,Sommersemester,Wednesday,2019-05-22,95
163,Mid90s,mid90s,2018-10-19,7.495,"['Drama', 'Comedy']",216 days,Sommersemester,Thursday,2019-05-23,37
164,Styx,Styx,2018-09-13,6.37,['Drama'],257 days,Sommersemester,Tuesday,2019-05-28,13
165,Tomorrow,Tomorrow,2014-09-20,7.12,"['Drama', 'Romance']",1717 days,Sommersemester,Monday,2019-06-03,12
166,Donbass,Donbass,2016-03-09,6.9,['Documentary'],1182 days,Sommersemester,Tuesday,2019-06-04,12
167,Love Simon,"Love, Simon",2018-02-16,8.041,"['Comedy', 'Drama', 'Romance']",487 days,Sommersemester,Tuesday,2019-06-18,77
168,The House that Jack Built,The House That Jack Built,2018-10-04,7.161,"['Drama', 'Horror', 'Crime', 'Thriller']",258 days,Sommersemester,Wednesday,2019-06-19,29
169,Phantastische Tierwesen 2,Fantastic Beasts: The Crimes of Grindelwald,2018-11-14,6.874,"['Fantasy', 'Adventure', 'Family']",223 days,Sommersemester,Tuesday,2019-06-25,59
170,Glücklich wie Lazzaro,Happy as Lazzaro,2018-05-31,7.388,"['Drama', 'Fantasy']",392 days,Sommersemester,Thursday,2019-06-27,5
171,The Favourite,The Favourite,2018-11-23,7.538,"['Drama', 'Comedy', 'Thriller']",221 days,Sommersemester,Tuesday,2019-07-02,38
172,MIA,Mia,2017-12-17,6.1,"['Drama', 'Documentary']",563 days,Sommersemester,Wednesday,2019-07-03,12
173,Perfect Blue,Perfect Blue,1998-02-28,8.3,"['Animation', 'Thriller']",7796 days,Sommersemester,Thursday,2019-07-04,24
174,Beautiful Boy,Beautiful Boy,2018-10-12,7.553,['Drama'],270 days,Sommersemester,Tuesday,2019-07-09,29
175,Shoplifters,Shoplifters,2018-06-02,7.868,"['Drama', 'Crime', 'Thriller']",404 days,Sommersemester,Thursday,2019-07-11,20
176,Crash,Crash,1996-07-17,6.429,['Drama'],3569 days,Sommersemester,Tuesday,2006-04-25,104
177,Little Shop of Horrors,Little Shop of Horrors,1986-12-19,6.903,"['Horror', 'Comedy']",7068 days,Sommersemester,Wednesday,2006-04-26,46
178,Shopgirl,Shopgirl,2005-10-21,5.8,"['Comedy', 'Drama', 'Romance']",194 days,Sommersemester,Wednesday,2006-05-03,26
179,Spartacus,Spartacus,1960-10-13,7.5,"['History', 'War', 'Drama', 'Adventure']",16644 days,Sommersemester,Tuesday,2006-05-09,9
180,Dear Wendy,Dear Wendy,2005-02-04,5.8,"['Comedy', 'Crime', 'Drama', 'Romance']",467 days,Sommersemester,Wednesday,2006-05-17,46
181,Paradise Now*,Paradise Now,2005-09-07,6.9,"['Thriller', 'Crime', 'Drama']",258 days,Sommersemester,Tuesday,2006-05-23,15
182,Der Löwe im Winter,The Lion in Winter,2003-12-26,6.0,"['Drama', 'History', 'TV Movie', 'Romance']",886 days,Sommersemester,Tuesday,2006-05-30,6
183,Die Stadt der verlorenen Kinder,The City of Lost Children,1995-05-17,7.281,"['Fantasy', 'Science Fiction', 'Adventure']",4032 days,Sommersemester,Wednesday,2006-05-31,13
184,Casablanca,Casablanca,1943-01-15,8.169,"['Drama', 'Romance']",23161 days,Sommersemester,Wednesday,2006-06-14,16
185,Ray,Ray,2004-10-29,7.442,"['Drama', 'Music']",600 days,Sommersemester,Wednesday,2006-06-21,16
186,Die Tiefseetaucher,The Life Aquatic with Steve Zissou,2004-12-10,7.106,"['Adventure', 'Comedy', 'Drama']",564 days,Sommersemester,Tuesday,2006-06-27,19
187,Aaltra,Aaltra,2004-06-23,6.272,"['Comedy', 'Drama']",735 days,Sommersemester,Wednesday,2006-06-28,45
188,Dr. Seltsam,Dr. Strangelove or: How I Learned to Stop Worrying and Love the Bomb,1964-01-29,8.13,"['Drama', 'Comedy', 'War']",15498 days,Sommersemester,Wednesday,2006-07-05,25
189,Thirteen Days,Thirteen Days,2000-12-25,7.028,"['Drama', 'History', 'Thriller', 'War']",2024 days,Sommersemester,Tuesday,2006-07-11,20
190,Populärmusik aus Vittula,Popular Music,2004-10-01,6.375,"['Comedy', 'Drama']",649 days,Sommersemester,Wednesday,2006-07-12,45
191,Transamerica,Transamerica,2005-12-23,7.038,['Drama'],207 days,Sommersemester,Tuesday,2006-07-18,61
192,Swimming Pool,Swimming Pool,2003-05-21,6.498,"['Crime', 'Thriller']",1155 days,Sommersemester,Wednesday,2006-07-19,22
193,Chihiros Reise ins Zauberland,Spirited Away,2001-07-20,8.54,"['Animation', 'Family', 'Fantasy']",1832 days,Sommersemester,Wednesday,2006-07-26,17
194,Slumdog Millionär,Slumdog Millionaire,2008-11-12,7.734,"['Drama', 'Romance']",349 days,Wintersemester,Tuesday,2009-10-27,162
195,O'Horten,O'Horten,2007-12-26,6.476,"['Drama', 'Comedy']",672 days,Wintersemester,Wednesday,2009-10-28,45
196,Die rechte und die linke Hand des Teufels,They Call Me Trinity,1970-12-22,7.571,"['Action', 'Comedy', 'Western']",14196 days,Wintersemester,Tuesday,2009-11-03,38
197,The Limits of Control,The Limits of Control,2009-05-01,5.982,"['Crime', 'Drama', 'Thriller', 'Mystery']",187 days,Wintersemester,Wednesday,2009-11-04,48
198,Mitte Ende August,Sometime in August,2009-02-08,6.66,['Drama'],276 days,Wintersemester,Wednesday,2009-11-11,45
199,Gran Torino,Gran Torino,2008-12-12,7.994,['Drama'],341 days,Wintersemester,Wednesday,2009-11-18,120
200,Garage,Garage,2007-10-05,6.9,"['Comedy', 'Drama']",782 days,Wintersemester,Wednesday,2009-11-25,20
201,El bano del Papa,The Pope's Toilet,2007-05-21,6.9,"['Drama', 'Comedy']",925 days,Wintersemester,Tuesday,2009-12-01,22
202,Gigante,Giant,2009-03-25,6.2,"['Drama', 'Romance']",258 days,Wintersemester,Tuesday,2009-12-08,33
203,Bienvenue chez les Ch'tis,Welcome to the Sticks,2008-02-20,6.67,"['Comedy', 'Drama', 'Romance']",658 days,Wintersemester,Wednesday,2009-12-09,66
204,Inglourious Basterds,Inglourious Basterds,2009-08-19,8.215,"['Drama', 'Thriller', 'War']",118 days,Wintersemester,Tuesday,2009-12-15,259
205,Dream Boy,Dream Boy,2008-10-24,6.061,"['Drama', 'Romance']",438 days,Wintersemester,Tuesday,2010-01-05,17
206,Captain Abu Raed,Captain Abu Raed,2007-12-11,7.8,['Drama'],757 days,Wintersemester,Wednesday,2010-01-06,21
207,The Pervert's Guide to Cinema,The Pervert's Guide to Cinema,2006-10-06,7.286,['Documentary'],1194 days,Wintersemester,Tuesday,2010-01-12,41
208,Alice's Restaurant,Alice's Restaurant,1969-08-20,6.224,"['Drama', 'Comedy']",14763 days,Wintersemester,Wednesday,2010-01-20,23
209,Taking Woodstock,Taking Woodstock,2009-08-26,6.2,"['Music', 'Comedy', 'Drama']",161 days,Wintersemester,Wednesday,2010-02-03,88
210,Princess,Princess,2009-05-09,6.162,"['Fantasy', 'Family']",284 days,Wintersemester,Wednesday,2010-02-17,9
211,Donnie Darko,Donnie Darko,2001-10-24,7.8,"['Fantasy', 'Drama', 'Mystery']",7308 days,Wintersemester,Wednesday,2021-10-27,32
212,Capernaum,Capernaum,2018-09-20,8.175,['Drama'],1154 days,Wintersemester,Wednesday,2021-11-17,18
213,The Farewell,The Farewell,2019-07-12,7.44,"['Comedy', 'Drama']",866 days,Wintersemester,Wednesday,2021-11-24,12
214,American History X,American History X,1998-07-01,8.351,['Drama'],6320 days,Wintersemester,Tuesday,2015-10-20,15
215,Frau Müller muss weg,Frau Müller muss weg!,2015-01-15,6.049,['Comedy'],285 days,Wintersemester,Tuesday,2015-10-27,47
216,Heil,Heil,2015-07-16,4.8,['Comedy'],117 days,Wintersemester,Tuesday,2015-11-10,33
217,Violette,Violette,2013-09-06,5.94,['Drama'],796 days,Wintersemester,Wednesday,2015-11-11,7
218,Frank,Frank,2014-05-09,6.876,"['Comedy', 'Drama', 'Mystery']",557 days,Wintersemester,Tuesday,2015-11-17,37
219,"Ich seh, ich seh",Goodnight Mommy,2014-10-07,6.699,"['Horror', 'Drama', 'Thriller', 'Mystery']",413 days,Wintersemester,Tuesday,2015-11-24,18
220,Blade Runner,Blade Runner,1982-06-25,7.932,"['Science Fiction', 'Drama', 'Thriller']",12206 days,Wintersemester,Wednesday,2015-11-25,37
221,Big Eyes,Big Eyes,2014-12-24,6.991,['Drama'],342 days,Wintersemester,Tuesday,2015-12-01,32
222,Von Caligari zu Hitler,From Caligari to Hitler,2015-05-28,7.2,"['Documentary', 'History']",194 days,Wintersemester,Tuesday,2015-12-08,28
223,Peter Pan,Peter Pan,2003-12-18,7.183,"['Adventure', 'Fantasy', 'Family']",4380 days,Wintersemester,Tuesday,2015-12-15,50
224,Whiplash,Whiplash,2014-10-10,8.382,"['Drama', 'Music']",452 days,Wintersemester,Tuesday,2016-01-05,34
225,Er ist wieder da,Look Who's Back,2015-10-08,6.805,['Comedy'],96 days,Wintersemester,Tuesday,2016-01-12,313
226,Butterfly Effect,The Butterfly Effect,2004-01-17,7.561,"['Science Fiction', 'Thriller']",4379 days,Wintersemester,Wednesday,2016-01-13,32
227,Réalité,Reality,2014-08-28,7.108,['Comedy'],509 days,Wintersemester,Tuesday,2016-01-19,12
228,Eine deutsche Jugend,A German Youth,2015-02-07,6.895,['Documentary'],353 days,Wintersemester,Tuesday,2016-01-26,13
229,Still the Water,Still the Water,2014-06-01,6.79,"['Drama', 'Romance']",605 days,Wintersemester,Wednesday,2016-01-27,22
230,La Haine,La Haine,1995-05-31,8.086,['Drama'],7559 days,Wintersemester,Tuesday,2016-02-09,2
231,About a Girl,About a Girl,2015-08-06,6.9,"['Drama', 'Comedy']",194 days,Wintersemester,Tuesday,2016-02-16,12
232,Rocketman,Rocketman,2019-05-17,7.327,"['Music', 'Drama', 'History']",165 days,Wintersemester,Tuesday,2019-10-29,93
233,Absolute Giganten,Gigantic,1999-09-30,7.6,"['Drama', 'Comedy']",7335 days,Wintersemester,Wednesday,2019-10-30,7
234,Tanz der Teufel 2,Evil Dead II,1987-03-13,7.561,"['Horror', 'Comedy', 'Fantasy']",11920 days,Wintersemester,Thursday,2019-10-31,52
235,Meisterdetektiv Pikachu,Pokémon Detective Pikachu,2019-05-03,6.949,"['Action', 'Adventure', 'Fantasy']",186 days,Wintersemester,Tuesday,2019-11-05,93
236,Chris the Swiss,Chris the Swiss,2018-10-03,6.86,"['Animation', 'Documentary']",399 days,Wintersemester,Wednesday,2019-11-06,7
237,The Villainess,The Villainess,2017-06-08,6.866,"['Action', 'Drama', 'Crime', 'Thriller', 'Adventure']",882 days,Wintersemester,Thursday,2019-11-07,21
238,One Cut of the Dead,One Cut of the Dead,2017-11-04,7.6,"['Comedy', 'Horror']",740 days,Wintersemester,Thursday,2019-11-14,40
239,The Hate U Give,The Hate U Give,2018-10-19,8.159,"['Crime', 'Drama']",396 days,Wintersemester,Tuesday,2019-11-19,86
240,Ghost in the Shell,Ghost in the Shell,1995-11-18,7.9,"['Action', 'Animation', 'Science Fiction']",8768 days,Wintersemester,Wednesday,2019-11-20,60
241,Free Solo,Free Solo,2018-09-28,7.916,"['Documentary', 'Adventure']",419 days,Wintersemester,Thursday,2019-11-21,54
242,Lord of the Toys,Lord of the Toys,2019-05-23,7.0,"['Documentary', 'Drama']",187 days,Wintersemester,Tuesday,2019-11-26,85
243,Der schwarze Engel,The Black Angel,1974-05-07,6.98,['Drama'],16640 days,Wintersemester,Wednesday,2019-11-27,5
244,Five Fingers for Marseilles,Five Fingers for Marseilles,2018-04-06,5.477,"['Western', 'Drama', 'Thriller']",601 days,Wintersemester,Thursday,2019-11-28,9
245,More than Honey,More Than Honey,2012-08-11,7.12,['Documentary'],2670 days,Wintersemester,Tuesday,2019-12-03,31
246,Das schönste Mädchen der Welt,The Most Beautiful Girl in the World,2018-09-06,7.441,"['Comedy', 'Romance', 'Drama', 'Music']",455 days,Wintersemester,Thursday,2019-12-05,14
247,The Broken Circle,The Broken Circle Breakdown,2012-10-09,7.7,['Drama'],2618 days,Wintersemester,Tuesday,2019-12-10,13
248,They Shall Not Grow Old,They Shall Not Grow Old,2018-11-09,7.763,"['Documentary', 'History', 'War']",397 days,Wintersemester,Wednesday,2019-12-11,56
249,Mr. Nobody,Mr. Nobody,2009-11-06,7.831,"['Science Fiction', 'Drama', 'Romance', 'Fantasy']",3693 days,Wintersemester,Tuesday,2019-12-17,20
250,Boy and the World,Boy & the World,2014-01-17,7.286,"['Animation', 'Adventure', 'Family']",2161 days,Wintersemester,Wednesday,2019-12-18,9
251,Wer ist Hanna?,Hanna,2011-04-07,6.576,"['Action', 'Thriller', 'Adventure']",194 days,Wintersemester,Tuesday,2011-10-18,80
252,Four Lions,Four Lions,2010-05-07,6.958,"['Comedy', 'Crime', 'Drama']",530 days,Wintersemester,Wednesday,2011-10-19,51
253,From Beginning to End,From Beginning to End,2009-11-12,6.627,"['Romance', 'Drama']",712 days,Wintersemester,Tuesday,2011-10-25,18
254,The King's Speech,The King's Speech,2010-11-26,7.741,"['Drama', 'History']",341 days,Wintersemester,Wednesday,2011-11-02,180
255,The Bang Bang Club,The Bang Bang Club,2011-04-22,6.67,"['Drama', 'History']",200 days,Wintersemester,Tuesday,2011-11-08,67
256,"Au revoir, Taipeh",Au Revoir Taipei,2010-04-02,5.704,['Comedy'],592 days,Wintersemester,Tuesday,2011-11-15,23
257,Der Name der Leute,The Names of Love,2010-11-24,7.3,"['Drama', 'Comedy', 'Romance']",357 days,Wintersemester,Wednesday,2011-11-16,58
258,Angst essen Seele auf,Ali: Fear Eats the Soul,1974-06-05,7.728,"['Romance', 'Drama']",13684 days,Wintersemester,Tuesday,2011-11-22,9
259,Almanya - Willkommen in Deutschland,Almanya: Welcome to Germany,2011-05-13,6.612,"['Drama', 'Comedy']",201 days,Wintersemester,Wednesday,2011-11-30,66
260,Belgrad Radio Taxi,The Woman with a Broken Nose,2010-09-01,6.8,"['Romance', 'Drama', 'Comedy']",462 days,Wintersemester,Wednesday,2011-12-07,20
261,Alles koscher!,The Infidel,2010-02-18,6.014,"['Comedy', 'Drama']",664 days,Wintersemester,Wednesday,2011-12-14,43
262,Die Kinder der Seidenstraße,The Children of Huang Shi,2008-04-03,6.723,"['Drama', 'War']",1356 days,Wintersemester,Tuesday,2011-12-20,19
263,The Tree of Life,The Tree of Life,2011-05-17,6.729,"['Drama', 'Fantasy']",218 days,Wintersemester,Wednesday,2011-12-21,56
264,Toast,Toast,2010-12-30,6.517,"['Drama', 'Comedy', 'History', 'Family']",377 days,Wintersemester,Wednesday,2012-01-11,33
265,The Guard,The Guard,2011-07-07,6.984,"['Action', 'Comedy', 'Thriller', 'Crime']",195 days,Wintersemester,Wednesday,2012-01-18,78
266,Wasser für die Elefanten,Water for Elephants,2011-04-15,6.9,"['Drama', 'Romance']",284 days,Wintersemester,Tuesday,2012-01-24,104
267,Science of Sleep,The Science of Sleep,2006-06-25,7.032,"['Comedy', 'Drama', 'Fantasy']",485 days,Wintersemester,Tuesday,2007-10-23,57
268,Wer früher stirbt ist länger tot,Grave Decisions,2006-08-17,6.994,"['Drama', 'Comedy']",433 days,Wintersemester,Wednesday,2007-10-24,137
269,Blutige Erdbeeren,The Strawberry Statement,1970-08-28,6.203,"['Drama', 'Romance']",13577 days,Wintersemester,Tuesday,2007-10-30,31
270,Das Wilde Leben,Eight Miles High,2007-02-01,6.421,"['Music', 'Drama', 'Comedy']",272 days,Wintersemester,Wednesday,2007-10-31,68
271,Pans Labyrinth,Pan's Labyrinth,2006-10-10,7.758,"['Fantasy', 'Drama', 'War']",759 days,Wintersemester,Friday,2008-11-07,165
272,Schnitzelparadies,Schnitzel Paradise,2005-09-08,5.569,"['Romance', 'Comedy']",797 days,Wintersemester,Wednesday,2007-11-14,59
273,Absolute Giganten,Gigantic,1999-09-30,7.6,"['Drama', 'Comedy']",2973 days,Wintersemester,Tuesday,2007-11-20,47
274,The Wind that shakes the Barley,The Wind That Shakes the Barley,2006-06-23,7.4,"['Drama', 'War']",516 days,Wintersemester,Wednesday,2007-11-21,74
275,Wilbur wants to kill himself,Wilbur Wants to Kill Himself,2002-11-08,6.463,"['Comedy', 'Drama', 'Romance']",1845 days,Wintersemester,Tuesday,2007-11-27,70
276,Taxi Driver,Taxi Driver,1976-02-09,8.2,"['Crime', 'Drama']",11615 days,Wintersemester,Wednesday,2007-11-28,65
277,Sterben für Anfänger,Death at a Funeral,2007-08-17,6.878,"['Comedy', 'Drama']",476 days,Wintersemester,Friday,2008-12-05,71
278,Letters from Iwo Jima,Letters from Iwo Jima,2006-12-19,7.459,"['Action', 'Drama', 'War']",358 days,Wintersemester,Wednesday,2007-12-12,50
279,Nach der Hochzeit,After the Wedding,1997-12-12,7.46,['Documentary'],3658 days,Wintersemester,Tuesday,2007-12-18,30
280,Zurück nach Dalarna,Dalecarlians,2004-12-17,5.7,"['Comedy', 'Drama']",1097 days,Wintersemester,Wednesday,2007-12-19,18
281,Full Metal Village,Full Metal Village,2007-04-19,6.529,['Documentary'],272 days,Wintersemester,Wednesday,2008-01-16,215
282,Paris je t'aime,Paris Je T'aime,2006-06-21,6.8,"['Drama', 'Romance']",581 days,Wintersemester,Wednesday,2008-01-23,117
283,Inland Empire,Inland Empire,2006-12-06,7.038,"['Mystery', 'Drama', 'Horror']",419 days,Wintersemester,Tuesday,2008-01-29,69
284,The saddest Music in the World,The Saddest Music in the World,2003-09-17,7.1,"['Comedy', 'Drama', 'Music']",1596 days,Wintersemester,Wednesday,2008-01-30,26
285,Last King of Scotland,The Last King of Scotland,2006-01-12,7.419,['Drama'],762 days,Wintersemester,Wednesday,2008-02-13,72
286,Swiss Army Man,Swiss Army Man,2016-06-24,6.923,"['Comedy', 'Drama', 'Romance', 'Fantasy', 'Adventure']",298 days,Sommersemester,Tuesday,2017-04-18,24
287,Phantastische Tierwesen und wo sie zu finden sind,Fantastic Beasts and Where to Find Them,2016-11-16,7.332,"['Fantasy', 'Adventure', 'Family']",160 days,Sommersemester,Tuesday,2017-04-25,163
288,A Girl walks home alone at night,A Girl Walks Home Alone at Night,2014-11-21,6.839,"['Horror', 'Romance']",887 days,Sommersemester,Wednesday,2017-04-26,18
289,Trumbo,Trumbo,2015-10-27,7.159,['Drama'],553 days,Sommersemester,Tuesday,2017-05-02,45
290,Lowlife Love,Lowlife Love,2016-04-02,6.3,"['Drama', 'Romance']",396 days,Sommersemester,Wednesday,2017-05-03,24
291,The Accountant,The Accountant,2016-10-13,7.064,"['Crime', 'Thriller', 'Drama']",208 days,Sommersemester,Tuesday,2017-05-09,27
292,Der Nachtmahr,The Nightmare,2015-07-01,6.598,"['Drama', 'Mystery', 'Horror']",679 days,Sommersemester,Wednesday,2017-05-10,30
293,Paterson?,Paterson,2016-11-17,7.102,"['Drama', 'Romance', 'Comedy']",180 days,Sommersemester,Tuesday,2017-05-16,27
294,der die zeichen liest,The Student,2016-04-12,6.536,['Drama'],400 days,Sommersemester,Wednesday,2017-05-17,13
295,Die Taschendiebin,The Handmaiden,2016-06-01,8.245,"['Thriller', 'Drama', 'Romance']",356 days,Sommersemester,Tuesday,2017-05-23,44
296,Nebel im August ,Fog in August,2016-09-29,7.482,['Drama'],237 days,Sommersemester,Wednesday,2017-05-24,9
297,April und die aussergewöhnliche Welt,April and the Extraordinary World,2015-11-04,7.0,"['Thriller', 'Adventure', 'Animation', 'Comedy', 'Fantasy', 'Science Fiction']",573 days,Sommersemester,Tuesday,2017-05-30,17
298,The Fall,The Fall,2006-09-09,7.584,"['Adventure', 'Fantasy', 'Drama']",3917 days,Sommersemester,Wednesday,2017-05-31,16
299,Arrival,Arrival,2016-11-10,7.588,"['Drama', 'Science Fiction', 'Mystery']",215 days,Sommersemester,Tuesday,2017-06-13,48
300,Safari,Safari,2009-04-01,4.651,"['Adventure', 'Comedy']",2996 days,Sommersemester,Wednesday,2017-06-14,0
301,Green Room,Green Room,2016-04-15,6.71,"['Horror', 'Crime', 'Thriller']",431 days,Sommersemester,Tuesday,2017-06-20,9
302,Star Wars Rogue One,Rogue One: A Star Wars Story,2016-12-14,7.49,"['Action', 'Adventure', 'Science Fiction']",195 days,Sommersemester,Tuesday,2017-06-27,65
303,Schneider vs. Bax,Schneider vs. Bax,2015-05-28,6.123,"['Comedy', 'Thriller', 'Mystery']",762 days,Sommersemester,Wednesday,2017-06-28,10
304,La La Land,La La Land,2016-11-29,7.899,"['Comedy', 'Drama', 'Romance', 'Music']",217 days,Sommersemester,Tuesday,2017-07-04,164
305,Ein Amerikaner in Paris,An American in Paris,1951-09-26,7.026,"['Comedy', 'Music', 'Romance']",24024 days,Sommersemester,Wednesday,2017-07-05,9
306,Seefeuer,Fire at Sea,2016-02-18,6.708,['Documentary'],504 days,Sommersemester,Thursday,2017-07-06,21
307,Anomalisa,Anomalisa,2015-12-30,7.1,"['Animation', 'Drama', 'Romance', 'Comedy']",559 days,Sommersemester,Tuesday,2017-07-11,26
308,Moonlight,Moonlight,2016-10-21,7.392,['Drama'],264 days,Sommersemester,Wednesday,2017-07-12,76
309,The Red Turtle,The Red Turtle,2016-06-29,7.5,"['Animation', 'Drama', 'Fantasy', 'Family']",384 days,Sommersemester,Tuesday,2017-07-18,37
310,Everybody wants some!,Everybody Wants Some!!,2016-03-30,6.368,['Comedy'],476 days,Sommersemester,Wednesday,2017-07-19,10
311,Black Panther,Black Panther,2018-02-13,7.4,"['Action', 'Adventure', 'Science Fiction']",252 days,Wintersemester,Tuesday,2018-10-23,102
312,1000 Arten Regen zu beschreiben,Different Kinds of Rain,2018-03-29,6.58,['Drama'],209 days,Wintersemester,Wednesday,2018-10-24,44
313,You were never really here,You Were Never Really Here,2017-11-08,6.554,"['Crime', 'Drama', 'Thriller']",356 days,Wintersemester,Tuesday,2018-10-30,29
314,Hereditary,Hereditary,2018-06-07,7.275,"['Horror', 'Mystery', 'Thriller']",146 days,Wintersemester,Wednesday,2018-10-31,54
315,Isle of Dogs,Isle of Dogs,2018-03-23,7.856,"['Adventure', 'Comedy', 'Animation']",228 days,Wintersemester,Tuesday,2018-11-06,60
316,A Ghost Story,A Ghost Story,2017-04-24,7.11,"['Fantasy', 'Drama']",197 days,Wintersemester,Tuesday,2017-11-07,100
317,"Night is short, walk on girl!","Night Is Short, Walk On Girl",2017-04-07,7.472,"['Comedy', 'Romance', 'Animation', 'Fantasy']",586 days,Wintersemester,Wednesday,2018-11-14,29
318,Ready Player One,Ready Player One,2018-03-28,7.605,"['Adventure', 'Action', 'Science Fiction']",237 days,Wintersemester,Tuesday,2018-11-20,78
319,2001: A Space Odyssey,2001: A Space Odyssey,1968-04-02,8.077,"['Science Fiction', 'Mystery', 'Adventure']",18495 days,Wintersemester,Wednesday,2018-11-21,49
320,Die Grüne Lüge,The Green Lie,2018-03-09,5.8,['Documentary'],263 days,Wintersemester,Tuesday,2018-11-27,110
321,The Anthem of the Heart,The Anthem of the Heart,2015-09-19,7.593,"['Animation', 'Drama', 'Music', 'Romance']",1166 days,Wintersemester,Wednesday,2018-11-28,50
322,The Girl Without Hands,The Girl Without Hands,2016-12-14,7.221,"['Animation', 'Fantasy', 'Romance']",720 days,Wintersemester,Tuesday,2018-12-04,12
323,Der Zauberer von Oz,The Wizard of Oz,1939-08-15,7.573,"['Adventure', 'Fantasy', 'Family']",28968 days,Wintersemester,Thursday,2018-12-06,34
324,The Death of Stalin,The Death of Stalin,2017-10-20,7.008,"['Comedy', 'Drama', 'History']",417 days,Wintersemester,Tuesday,2018-12-11,55
325,In den Gängen,In the Aisles,2018-05-24,6.855,['Drama'],202 days,Wintersemester,Wednesday,2018-12-12,16
326,The Little Prince,The Little Prince,2015-07-29,7.605,"['Adventure', 'Animation', 'Fantasy', 'Family']",1238 days,Wintersemester,Tuesday,2018-12-18,56
327,Molly's Game,Molly's Game,2017-12-07,7.154,"['Drama', 'Crime']",32 days,Wintersemester,Monday,2018-01-08,16
328,Wer erschoß Salvatore G.?,Salvatore Giuliano,1962-03-01,7.6,"['Crime', 'Drama']",20411 days,Wintersemester,Wednesday,2018-01-17,6
329,Berlin – Sinfonie der Großstadt,Berlin: Symphony of a Great City,1927-09-23,7.657,['Documentary'],33361 days,Wintersemester,Thursday,2019-01-24,175
330,Mary and the Witch's Flower,Mary and The Witch's Flower,2017-07-08,7.131,"['Fantasy', 'Adventure', 'Animation', 'Family']",205 days,Wintersemester,Monday,2018-01-29,78
331,Drachenläufer,The Kite Runner,2007-12-14,7.316,['Drama'],3700 days,Wintersemester,Tuesday,2018-01-30,26
332,Taxi Driver,Taxi Driver,1976-02-09,8.2,"['Crime', 'Drama']",15332 days,Wintersemester,Wednesday,2018-01-31,21
333,Herr Lehmann,Berlin Blues,2003-10-01,6.84,"['Comedy', 'Drama']",755 days,Wintersemester,Tuesday,2005-10-25,73
334,Die Fetten Jahre sind vorbei,The Edukators,2004-10-25,7.173,"['Drama', 'Comedy']",367 days,Wintersemester,Thursday,2005-10-27,77
335,Per Anhalter durch die Galaxis,The Hitch Hikers Guide to the Galaxy,1981-02-09,7.1,"['Adventure', 'Comedy', 'Science Fiction']",9032 days,Wintersemester,Wednesday,2005-11-02,122
336,Hotel Ruanda,Hotel Rwanda,2004-12-22,7.72,"['Drama', 'History', 'War']",321 days,Wintersemester,Tuesday,2005-11-08,132
337,City of God,City of God,2002-08-30,8.432,"['Drama', 'Crime']",1167 days,Wintersemester,Wednesday,2005-11-09,93
338,Before Sunrise,Before Sunrise,1995-01-27,7.97,"['Drama', 'Romance']",3945 days,Wintersemester,Tuesday,2005-11-15,116
339,Before Sunset,Before Sunset,2004-06-16,7.822,"['Drama', 'Romance']",518 days,Wintersemester,Wednesday,2005-11-16,88
340,It's in the water,It's in the Water,1997-01-30,5.958,"['Romance', 'Comedy']",3218 days,Wintersemester,Tuesday,2005-11-22,15
341,Requiem for a dream,Requiem for a Dream,2000-10-06,8.025,"['Crime', 'Drama']",1874 days,Wintersemester,Wednesday,2005-11-23,94
342,Jonny Vang,Jonny Vang,2003-02-14,5.313,"['Comedy', 'Drama']",1020 days,Wintersemester,Wednesday,2005-11-30,29
343,Alles auf Zucker,Go for Zucker,2004-12-31,6.4,['Comedy'],341 days,Wintersemester,Wednesday,2005-12-07,58
344,Long Walk Home,The Long Walk Home,1990-12-21,7.4,"['Drama', 'History']",5471 days,Wintersemester,Tuesday,2005-12-13,40
345,Zimt und Koriander,A Touch of Spice,2003-10-24,6.627,"['Comedy', 'Drama']",782 days,Wintersemester,Wednesday,2005-12-14,102
346,Grüne Tomaten,Fried Green Tomatoes,1991-12-27,7.7,"['Drama', 'Comedy']",5108 days,Wintersemester,Wednesday,2005-12-21,37
347,Schwarze Katze - weißer Kater,"Black Cat, White Cat",1998-06-01,7.697,"['Comedy', 'Romance', 'Crime']",2781 days,Wintersemester,Wednesday,2006-01-11,67
348,No Man's Land,No Man's Land,1987-10-23,5.994,"['Action', 'Drama', 'Crime']",6661 days,Wintersemester,Tuesday,2006-01-17,67
349,Broken Flowers,Broken Flowers,2005-08-05,6.9,"['Comedy', 'Drama', 'Mystery', 'Romance']",166 days,Wintersemester,Wednesday,2006-01-18,123
350,One day in Europe,One Day in Europe,2005-04-01,6.19,['Comedy'],299 days,Wintersemester,Wednesday,2006-01-25,142
351,Die Blechtrommel,The Tin Drum,1979-05-02,6.937,"['Drama', 'History', 'War']",9772 days,Wintersemester,Wednesday,2006-02-01,61
352,Der neunte Tag,The Ninth Day,2004-08-05,6.3,['Drama'],551 days,Wintersemester,Tuesday,2006-02-07,34
353,Frida,Frida,2002-08-29,7.4,"['Drama', 'Romance']",1259 days,Wintersemester,Wednesday,2006-02-08,81
354,Elizabeth,Elizabeth,1998-09-13,7.173,"['Drama', 'History']",2711 days,Wintersemester,Tuesday,2006-02-14,15
355,Die Bettlektüre,The Pillow Book,1995-09-01,6.5,"['Drama', 'Romance']",3820 days,Wintersemester,Wednesday,2006-02-15,29
356,21 Gramm,21 Grams,2003-09-06,7.337,"['Drama', 'Crime', 'Thriller']",899 days,Wintersemester,Tuesday,2006-02-21,21
357,Das Mädchen mit dem Perlenohrring,Girl with a Pearl Earring,2003-12-12,6.59,"['Drama', 'Romance']",803 days,Wintersemester,Wednesday,2006-02-22,92
358,Elementarteilchen,The Elementary Particles,2006-02-10,6.248,"['Drama', 'Romance']",250 days,Wintersemester,Wednesday,2006-10-18,117
359,Match Point,Match Point,2005-10-26,7.349,"['Drama', 'Thriller', 'Crime', 'Romance']",363 days,Wintersemester,Tuesday,2006-10-24,110
360,"Good night, and good luck","Good Night, and Good Luck.",2005-09-16,7.082,"['Drama', 'History']",404 days,Wintersemester,Wednesday,2006-10-25,107
361,Fahrstuhl des Grauens,Down,2001-09-06,5.17,"['Action', 'Horror', 'Mystery', 'Thriller']",1881 days,Wintersemester,Tuesday,2006-10-31,32
362,War Photographer,War Photographer,2001-11-01,7.483,['Documentary'],1832 days,Wintersemester,Tuesday,2006-11-07,87
363,Der Tintenfisch und der Wal,The Squid and the Whale,2005-10-05,6.958,"['Comedy', 'Drama']",406 days,Wintersemester,Wednesday,2006-11-15,33
364,Die Bluthochzeit,The Wedding Party,2005-04-21,4.92,"['Comedy', 'Action']",580 days,Wintersemester,Wednesday,2006-11-22,31
365,Grande École,Grande école,2004-02-04,5.9,"['Comedy', 'Drama', 'Romance']",1028 days,Wintersemester,Tuesday,2006-11-28,37
366,Garden State,Garden State,2004-07-28,7.087,"['Comedy', 'Drama', 'Romance']",861 days,Wintersemester,Wednesday,2006-12-06,53
367,Workingman's Death,Workingman's Death,2005-11-25,7.222,['Documentary'],382 days,Wintersemester,Tuesday,2006-12-12,57
368,Walk the Line,Walk the Line,2005-09-13,7.488,"['Drama', 'Music', 'Romance']",456 days,Wintersemester,Wednesday,2006-12-13,196
369,Das Leben der Anderen,The Lives of Others,2006-03-15,8.035,"['Drama', 'Thriller']",279 days,Wintersemester,Tuesday,2006-12-19,133
370,Noi Albinoi,Noi the Albino,2003-02-28,6.913,['Drama'],1412 days,Wintersemester,Wednesday,2007-01-10,60
371,Esmas Geheimnis,Grbavica: The Land of My Dreams,2006-03-01,7.0,"['Drama', 'History']",321 days,Wintersemester,Tuesday,2007-01-16,31
372,Sex in Brno,Boredom in Brno,2003-04-22,6.7,"['Drama', 'Comedy', 'Romance']",1366 days,Wintersemester,Wednesday,2007-01-17,34
373,Bin Jip,3-Iron,2004-10-15,7.799,"['Drama', 'Romance', 'Crime']",831 days,Wintersemester,Wednesday,2007-01-24,93
374,We feed the world,We Feed the World,2005-09-10,7.368,['Documentary'],507 days,Wintersemester,Tuesday,2007-01-30,205
375,Stay,Stay,2005-09-24,6.558,"['Mystery', 'Thriller', 'Drama']",494 days,Wintersemester,Wednesday,2007-01-31,70
376,Das wandelnde Schloß,Howl's Moving Castle,2004-09-09,8.406,"['Fantasy', 'Animation', 'Adventure']",880 days,Wintersemester,Tuesday,2007-02-06,28
377,Private,Private,2004-08-12,6.531,['Drama'],909 days,Wintersemester,Wednesday,2007-02-07,9
378,Volver,Volver,2006-03-17,7.47,"['Comedy', 'Drama', 'Romance']",333 days,Wintersemester,Tuesday,2007-02-13,108
379,Argo,Argo,2012-10-11,7.275,"['Drama', 'Thriller']",187 days,Sommersemester,Tuesday,2013-04-16,66
380,Moderne Zeiten,Modern Times,1936-02-05,8.292,"['Comedy', 'Drama']",28202 days,Sommersemester,Tuesday,2013-04-23,12
381,7 Psychos,Seven Psychopaths,2012-10-12,6.812,"['Comedy', 'Crime']",194 days,Sommersemester,Wednesday,2013-04-24,47
382,Helen,Helen,2009-01-16,6.67,['Drama'],1565 days,Sommersemester,Tuesday,2013-04-30,5
383,Robot and Frank,Robot & Frank,2012-08-16,6.922,"['Science Fiction', 'Comedy', 'Drama', 'Crime']",264 days,Sommersemester,Tuesday,2013-05-07,29
384,Der Hobbit - Eine unerwartete Reise,The Hobbit: An Unexpected Journey,2012-12-12,7.342,"['Adventure', 'Fantasy', 'Action']",147 days,Sommersemester,Wednesday,2013-05-08,104
385,The Angels' Share,The Angels' Share,2012-06-01,6.993,"['Drama', 'Comedy']",348 days,Sommersemester,Wednesday,2013-05-15,13
386,Pulp Fiction,Pulp Fiction,1994-09-10,8.488,"['Thriller', 'Crime']",6836 days,Sommersemester,Wednesday,2013-05-29,59
387,Django Unchained,Django Unchained,2012-12-25,8.172,"['Drama', 'Western']",161 days,Sommersemester,Tuesday,2013-06-04,87
388,Yossi,Yossi & Jagger,2002-08-28,6.733,"['War', 'Drama', 'Romance']",3940 days,Sommersemester,Tuesday,2013-06-11,3
389,The Master,The Master,2012-09-07,7.154,['Drama'],278 days,Sommersemester,Wednesday,2013-06-12,25
390,Beasts of the Southern Wild,Beasts of the Southern Wild,2012-06-29,6.813,"['Drama', 'Fantasy']",354 days,Sommersemester,Tuesday,2013-06-18,14
391,Die Haut in der ich wohne,The Skin I Live In,2011-08-17,7.524,"['Drama', 'Horror', 'Mystery', 'Thriller']",672 days,Sommersemester,Wednesday,2013-06-19,15
392,Drachenmädchen,Dragon Girls,2012-11-29,6.8,"['Documentary', 'Action', 'Drama']",208 days,Sommersemester,Tuesday,2013-06-25,29
393,Cloud Atlas,Cloud Atlas,2012-10-26,6.883,"['Drama', 'Science Fiction']",243 days,Sommersemester,Wednesday,2013-06-26,84
394,XXY,XXY,2007-06-14,6.863,['Drama'],2210 days,Sommersemester,Tuesday,2013-07-02,21
395,Monsieur Lazhar,Monsieur Lazhar,2011-09-10,7.113,"['Drama', 'Comedy']",662 days,Sommersemester,Wednesday,2013-07-03,22
396,Die Farbe,The Color Out of Space,2010-10-30,6.514,"['Science Fiction', 'Horror']",991 days,Sommersemester,Wednesday,2013-07-17,18
397,R.E.D.,RED,2010-10-13,6.685,"['Action', 'Adventure', 'Comedy', 'Crime', 'Thriller']",181 days,Sommersemester,Tuesday,2011-04-12,63
398,Der kleine Nick,Little Nicholas,2009-09-30,6.043,['Comedy'],560 days,Sommersemester,Wednesday,2011-04-13,46
399,We want Sex,Made in Dagenham,2010-10-01,6.677,"['Comedy', 'Drama', 'History']",200 days,Sommersemester,Tuesday,2011-04-19,46
400,22 Bullets,22 Bullets,2010-03-23,6.666,"['Drama', 'Crime', 'Thriller']",393 days,Sommersemester,Wednesday,2011-04-20,29
401,The Road,The Road,2009-11-25,7.0,"['Adventure', 'Drama']",517 days,Sommersemester,Tuesday,2011-04-26,22
402,The Social Network,The Social Network,2010-10-01,7.4,['Drama'],208 days,Sommersemester,Wednesday,2011-04-27,216
403,Nowhere Boy,Nowhere Boy,2009-12-25,7.167,['Drama'],501 days,Sommersemester,Tuesday,2011-05-10,50
404,Summer Wars,Summer Wars,2009-08-01,7.517,"['Animation', 'Science Fiction']",648 days,Sommersemester,Wednesday,2011-05-11,63
405,Blow Up,Blow-Up,1966-12-18,7.385,"['Drama', 'Mystery', 'Thriller']",16221 days,Sommersemester,Tuesday,2011-05-17,47
406,Mary & Max,"Mary, Mary, Bloody Mary",1975-05-01,4.938,"['Drama', 'Horror', 'Mystery']",13166 days,Sommersemester,Wednesday,2011-05-18,54
407,Lost Children,Children Who Chase Lost Voices,2011-05-07,7.229,"['Animation', 'Adventure', 'Drama', 'Fantasy', 'Romance']",17 days,Sommersemester,Tuesday,2011-05-24,44
408,Schwerkraft,Gravity,2010-03-24,6.3,"['Crime', 'Drama']",427 days,Sommersemester,Wednesday,2011-05-25,15
409,Von Menschen und Göttern,Of Gods and Men,2010-09-08,6.68,"['Drama', 'History']",265 days,Sommersemester,Tuesday,2011-05-31,26
410,True Grit,True Grit,1969-06-11,7.4,['Western'],15330 days,Sommersemester,Wednesday,2011-06-01,44
411,Männer al Dente,Loose Cannons,2010-02-12,7.307,"['Comedy', 'Drama', 'Romance']",480 days,Sommersemester,Tuesday,2011-06-07,65
412,Plug & Pray,Who Pulled the Plug?,1981-12-18,5.5,['Comedy'],10777 days,Sommersemester,Tuesday,2011-06-21,6
413,In einer besseren Welt,In a Better World,2010-08-26,7.121,['Drama'],300 days,Sommersemester,Wednesday,2011-06-22,22
414,Black Swan,Black Swan,2010-12-03,7.675,"['Drama', 'Thriller', 'Horror']",207 days,Sommersemester,Tuesday,2011-06-28,122
415,Das Labyrinth der Wörter,My Afternoons with Margueritte,2010-06-02,6.972,"['Drama', 'Comedy']",392 days,Sommersemester,Wednesday,2011-06-29,61
416,Schmetterling und Taucherglocke,The Diving Bell and the Butterfly,2007-05-23,7.578,"['Drama', 'History']",1504 days,Sommersemester,Tuesday,2011-07-05,23
417,Tucker & Dale vs. Evil,Tucker and Dale vs. Evil,2010-01-22,7.366,"['Comedy', 'Horror']",530 days,Sommersemester,Wednesday,2011-07-06,112
418,Zug des Lebens,Train of Life,1998-09-16,7.371,"['Drama', 'Comedy', 'War']",4682 days,Sommersemester,Tuesday,2011-07-12,22
419,Kyatapirâ (Caterpillar),Caterpillar,2010-08-14,6.4,"['Drama', 'War']",268 days,Sommersemester,Monday,2011-05-09,35
420,Hotaru no haka (Die letzten Glühwürmchen) ,Grave of the Fireflies,1988-04-16,8.455,"['Animation', 'Drama', 'War']",8426 days,Sommersemester,Thursday,2011-05-12,51
421,Food Inc.,"Food, Inc.",2008-09-07,7.308,['Documentary'],981 days,Sommersemester,Monday,2011-05-16,30
422,(500) Days of Summer,(500) Days of Summer,2009-07-17,7.274,"['Comedy', 'Drama', 'Romance']",270 days,Sommersemester,Tuesday,2010-04-13,75
423,Das weiße Band,The White Ribbon,2009-09-24,7.502,"['Drama', 'Mystery']",202 days,Sommersemester,Wednesday,2010-04-14,87
424,Louise Hires A Contract Killer,Louise-Michel,2008-09-23,6.302,['Comedy'],575 days,Sommersemester,Wednesday,2010-04-21,51
425,Let's Make Money,Let's Make Money,2008-10-30,7.5,['Documentary'],544 days,Sommersemester,Tuesday,2010-04-27,73
426,Stille Hochzeit - Zum Teufel mit Stalin!,Silent Wedding,2008-11-21,7.104,"['Comedy', 'Drama', 'History']",529 days,Sommersemester,Tuesday,2010-05-04,34
427,It Might Get Loud,It Might Get Loud,2008-09-05,7.1,"['Documentary', 'Music']",607 days,Sommersemester,Wednesday,2010-05-05,48
428,Love Exposure,Love Exposure,2009-01-31,8.0,"['Action', 'Comedy', 'Drama', 'Romance']",466 days,Sommersemester,Wednesday,2010-05-12,36
429,Verfolgt,Punish Me,2006-08-06,4.8,['Drama'],1395 days,Sommersemester,Tuesday,2010-06-01,15
430,"Männer, die auf Ziegen starren",The Men Who Stare at Goats,2009-10-17,5.974,"['Comedy', 'War']",228 days,Sommersemester,Wednesday,2010-06-02,129
431,Nord,North,2009-02-06,6.4,"['Comedy', 'Drama']",488 days,Sommersemester,Wednesday,2010-06-09,14
432,The Imaginarium Of Doctor Parnassus *,The Imaginarium of Doctor Parnassus,2009-10-01,6.383,"['Adventure', 'Fantasy', 'Mystery']",258 days,Sommersemester,Wednesday,2010-06-16,110
433,The Art Of Being Straight,The Art of Being Straight,2009-06-05,4.2,"['Drama', 'Comedy', 'Romance']",382 days,Sommersemester,Tuesday,2010-06-22,22
434,Tulpan,Tulpan,2009-03-04,6.56,"['Drama', 'Comedy', 'Romance']",476 days,Sommersemester,Wednesday,2010-06-23,2
435,Mr. Magoriums Wunderladen *,Mr. Magorium's Wonder Emporium,2007-11-14,6.223,"['Family', 'Fantasy', 'Comedy']",965 days,Sommersemester,Tuesday,2010-07-06,14
436,The Age Of Stupid,The Age of Stupid,2009-09-21,6.39,"['War', 'Documentary', 'History']",296 days,Sommersemester,Wednesday,2010-07-14,21
437,Babylon,Babylon,2022-12-22,7.433,"['Drama', 'Comedy']",117 days,Sommersemester,Tuesday,2023-04-18,14
438,The Banshees of Inisherin,The Banshees of Inisherin,2022-10-20,7.474,"['Drama', 'Comedy']",187 days,Sommersemester,Tuesday,2023-04-25,26
439,Crimes of the Future,Crimes of the Future,2022-05-25,6.174,"['Horror', 'Science Fiction']",342 days,Sommersemester,Tuesday,2023-05-02,3
440,Pride,Pride,2014-09-12,7.734,"['Drama', 'Comedy']",3155 days,Sommersemester,Wednesday,2023-05-03,36
441,Das Glücksrad,Wheel of Fortune and Fantasy,2021-04-11,7.031,"['Drama', 'Romance']",752 days,Sommersemester,Wednesday,2023-05-03,4
442,Inception,Inception,2010-07-15,8.4,"['Action', 'Science Fiction', 'Adventure']",4682 days,Sommersemester,Wednesday,2023-05-10,22
443,Napola,Before the Fall,2004-07-04,7.05,['Drama'],6885 days,Sommersemester,Thursday,2023-05-11,20
444,Holy Spider,Holy Spider,2022-07-13,7.384,"['Crime', 'Drama', 'Thriller']",307 days,Sommersemester,Tuesday,2023-05-16,9
445,Der Heilige Berg,The Holy Mountain,1926-11-01,6.6,"['Adventure', 'Drama']",35261 days,Sommersemester,Wednesday,2023-05-17,11
446,The Truman Show,The Truman Show,1998-06-04,8.134,"['Comedy', 'Drama']",9119 days,Sommersemester,Tuesday,2023-05-23,28
447,Return to Seoul,Return to Seoul,2022-11-18,6.081,['Drama'],187 days,Sommersemester,Wednesday,2023-05-24,9
448,Im Westen Nichts Neues,All Quiet on the Western Front,2022-10-07,7.743,"['Drama', 'War']",242 days,Sommersemester,Tuesday,2023-06-06,32
449,Animals,Animals,2019-08-02,5.833,"['Comedy', 'Drama']",1405 days,Sommersemester,Wednesday,2023-06-07,1
450,Der gestiefelte Kater 2,Puss in Boots: The Last Wish,2022-12-07,8.261,"['Adventure', 'Fantasy', 'Animation', 'Comedy', 'Family', 'Action']",188 days,Sommersemester,Tuesday,2023-06-13,36
451,Nelly & Nadine,Nelly and Monsieur Arnaud,1995-08-23,6.9,"['Drama', 'Romance']",10157 days,Sommersemester,Wednesday,2023-06-14,3
452,Free Guy,Free Guy,2021-08-11,7.542,"['Comedy', 'Adventure', 'Science Fiction']",678 days,Sommersemester,Tuesday,2023-06-20,11
453,Der Sommer mit Anais,Anaïs in Love,2021-09-15,6.2,"['Drama', 'Romance', 'Comedy']",644 days,Sommersemester,Wednesday,2023-06-21,0
454,Aftersun,Aftersun,2022-10-21,7.704,['Drama'],249 days,Sommersemester,Tuesday,2023-06-27,30
455,Call Jane,Call Jane,2022-10-27,6.6,"['Drama', 'History']",244 days,Sommersemester,Wednesday,2023-06-28,6
456,Decision to Leave,Decision to Leave,2022-06-29,7.408,"['Thriller', 'Mystery', 'Romance']",370 days,Sommersemester,Tuesday,2023-07-04,6
457,Oskars Kleid,Oskars Kleid,2022-12-22,7.474,['Drama'],195 days,Sommersemester,Wednesday,2023-07-05,42
458,Me Time,Me Time,2022-08-26,5.932,['Comedy'],319 days,Sommersemester,Tuesday,2023-07-11,8
459,Mad God,Mad God,2022-06-16,6.915,"['Animation', 'Fantasy', 'Horror', 'Science Fiction']",391 days,Sommersemester,Wednesday,2023-07-12,4
460,Jurassic Park,Jurassic Park,1993-06-11,7.941,"['Adventure', 'Science Fiction']",10994 days,Sommersemester,Tuesday,2023-07-18,14
461,EO,EO,2022-09-30,6.577,['Drama'],292 days,Sommersemester,Wednesday,2023-07-19,10
462,Soul Kitchen,Soul Kitchen,2009-09-09,6.891,"['Drama', 'Comedy']",406 days,Wintersemester,Wednesday,2010-10-20,95
463,Up in the Air,Up in the Air,2009-09-05,6.853,"['Drama', 'Romance']",416 days,Wintersemester,Tuesday,2010-10-26,61
464,Vincent will meer,Vincent Wants to Sea,2010-04-21,6.8,['Drama'],195 days,Wintersemester,Tuesday,2010-11-02,203
465,"Marcello, Marcello",Marcello Mastroianni: I Remember,1997-09-10,7.24,['Documentary'],4802 days,Wintersemester,Wednesday,2010-11-03,27
466,Versailles,Versailles,2008-05-19,6.447,['Drama'],904 days,Wintersemester,Tuesday,2010-11-09,50
467,Shutter Island,Shutter Island,2010-02-14,8.2,"['Drama', 'Thriller', 'Mystery']",269 days,Wintersemester,Wednesday,2010-11-10,247
468,David wants to fly,David Wants to Fly,2010-05-06,6.78,['Documentary'],194 days,Wintersemester,Tuesday,2010-11-16,21
469,Moon,Moon,2009-06-12,7.569,"['Science Fiction', 'Drama']",523 days,Wintersemester,Wednesday,2010-11-17,87
470,La Nana - Die Perle,The Maid,2009-08-13,6.7,"['Drama', 'Comedy']",474 days,Wintersemester,Tuesday,2010-11-30,29
471,Pee-wee's Big Adventure,Pee-wee's Big Adventure,1985-07-26,6.417,"['Comedy', 'Adventure']",9259 days,Wintersemester,Wednesday,2010-12-01,13
472,Gordos,Fat People,2009-09-11,6.051,"['Drama', 'Comedy']",452 days,Wintersemester,Tuesday,2010-12-07,31
473,A Single Man,A Single Man,2009-10-19,7.289,"['Drama', 'Romance']",421 days,Wintersemester,Tuesday,2010-12-14,48
474,"Renn, wenn Du kannst",Run If You Can,2010-07-28,6.8,['Drama'],140 days,Wintersemester,Wednesday,2010-12-15,48
475,Die Beschissenheit der Dinge,The Misfortunates,2009-10-07,7.219,"['Drama', 'Comedy']",462 days,Wintersemester,Wednesday,2011-01-12,104
476,The Messenger - Die letzte Nachricht,The Messenger,2009-11-13,6.8,"['Drama', 'Romance']",431 days,Wintersemester,Tuesday,2011-01-18,35
477,Die Fremde,When We Leave,2010-03-11,6.897,"['Drama', 'Family']",320 days,Wintersemester,Tuesday,2011-01-25,22
478,Micmacs - Uns gehört Paris!,Micmacs,2009-10-28,6.605,"['Action', 'Comedy', 'Crime']",455 days,Wintersemester,Wednesday,2011-01-26,50
479,Crazy Heart,Crazy Heart,2009-12-16,6.909,"['Drama', 'Music', 'Romance']",420 days,Wintersemester,Wednesday,2011-02-09,42
480,Precious,Precious,2009-11-06,7.336,['Drama'],466 days,Wintersemester,Tuesday,2011-02-15,76
481,5 Zimmer Küche Sarg,What We Do in the Shadows,2014-06-19,7.577,"['Comedy', 'Horror']",131 days,Wintersemester,Tuesday,2014-10-28,112
482,Good Morning Vietnam,"Good Morning, Vietnam",1987-12-23,7.315,"['Comedy', 'Drama', 'War']",9813 days,Wintersemester,Tuesday,2014-11-04,50
483,Blackfish,Blackfish,2013-06-07,7.857,['Documentary'],536 days,Wintersemester,Tuesday,2014-11-25,12
484,Much Ado about nothing,Much Ado About Nothing,1993-05-07,6.9,"['Drama', 'Comedy', 'Romance']",7873 days,Wintersemester,Wednesday,2014-11-26,27
485,Zulu,Zulu,2013-12-04,6.7,"['Crime', 'Drama', 'Thriller']",364 days,Wintersemester,Wednesday,2014-12-03,18
486,Die Karte meiner Träume,The Young and Prodigious T.S. Spivet,2013-10-16,6.803,"['Adventure', 'Drama', 'Family']",426 days,Wintersemester,Tuesday,2014-12-16,28
487,Jack und das Kuckucksuhrherz,Jack and the Cuckoo-Clock Heart,2014-02-05,7.217,"['Animation', 'Romance', 'Adventure', 'Drama', 'Fantasy']",315 days,Wintersemester,Wednesday,2014-12-17,17
488,Enemy,Enemy,2013-12-31,6.874,"['Thriller', 'Mystery']",371 days,Wintersemester,Tuesday,2015-01-06,35
489,Splice,Splice,2009-10-06,5.848,"['Horror', 'Science Fiction', 'Thriller']",1919 days,Wintersemester,Wednesday,2015-01-07,28
490,Saving Mr. Banks,Saving Mr. Banks,2013-11-29,7.352,"['Comedy', 'Drama', 'History']",410 days,Wintersemester,Tuesday,2015-01-13,26
491,Snowpiercer,Snowpiercer,2013-08-01,6.902,"['Action', 'Science Fiction', 'Drama']",544 days,Wintersemester,Tuesday,2015-01-27,38
492,American hustle,American Hustle,2013-12-03,6.851,"['Drama', 'Crime']",427 days,Wintersemester,Tuesday,2015-02-03,16
493,Gott verhüte,The Priest's Children,2013-01-03,6.386,"['Comedy', 'Drama']",768 days,Wintersemester,Tuesday,2015-02-10,33
494,3 Zimmer / Küche / Bad,Move,2012-10-03,6.5,['Comedy'],371 days,Wintersemester,Wednesday,2013-10-09,2
495,Oh Boy,A Coffee in Berlin,2012-11-01,7.156,"['Drama', 'Comedy']",348 days,Wintersemester,Tuesday,2013-10-15,72
496,Der Große Gatsby,The Great Gatsby,2013-05-09,7.378,"['Drama', 'Romance']",160 days,Wintersemester,Wednesday,2013-10-16,142
497,Zero Dark Thirty,Zero Dark Thirty,2012-12-19,6.983,"['Thriller', 'Drama', 'History']",307 days,Wintersemester,Tuesday,2013-10-22,56
498,Der Tag wird kommen,The Big Night,2012-06-06,5.87,['Comedy'],504 days,Wintersemester,Wednesday,2013-10-23,9
499,Mademoiselle Populaire,Populaire,2012-11-27,6.665,"['Comedy', 'Romance']",336 days,Wintersemester,Tuesday,2013-10-29,13
500,Berberian Sound Studio,Berberian Sound Studio,2012-08-30,6.024,"['Horror', 'Drama', 'Thriller']",426 days,Wintersemester,Wednesday,2013-10-30,13
501,Das Leben ist nichts für Feiglinge,Life Is Not for Cowards,2013-04-18,6.167,"['Comedy', 'Drama']",202 days,Wintersemester,Wednesday,2013-11-06,32
502,Promised Land,Promised Land,2012-09-23,6.288,['Drama'],415 days,Wintersemester,Tuesday,2013-11-12,18
503,Hitchcock,Hitchcock,2012-11-22,6.539,['Drama'],356 days,Wintersemester,Wednesday,2013-11-13,45
504,Ginger & Rosa,Ginger and Fred,1986-01-13,6.909,"['Comedy', 'Drama']",10179 days,Wintersemester,Tuesday,2013-11-26,20
505,The Legend of Kaspar Hauser,The Legend of Kaspar Hauser,2013-06-13,5.922,"['Comedy', 'Mystery', 'Science Fiction', 'Western']",173 days,Wintersemester,Tuesday,2013-12-03,5
506,Elysium,Elysium,2013-08-07,6.5,"['Science Fiction', 'Action', 'Drama', 'Thriller']",119 days,Wintersemester,Wednesday,2013-12-04,67
507,Darwins Alptraum,Darwin's Nightmare,2005-01-21,7.167,['Documentary'],3245 days,Wintersemester,Tuesday,2013-12-10,34
508,The Grandmaster,The Grandmaster,2013-01-10,6.601,"['Action', 'Drama', 'History']",335 days,Wintersemester,Wednesday,2013-12-11,15
509,Die Kunst sich die Schuhe zu binden,The Importance of Tying Your Own Shoes,2011-03-18,6.4,"['Drama', 'Comedy']",1005 days,Wintersemester,Tuesday,2013-12-17,15
510,Albert Nobbs,Albert Nobbs,2011-12-21,6.321,['Drama'],728 days,Wintersemester,Wednesday,2013-12-18,1
511,Ich - Einfach Unverbesserlich 2,Despicable Me,2010-07-08,7.229,"['Family', 'Animation', 'Comedy']",1279 days,Wintersemester,Tuesday,2014-01-07,63
512,An ihrer Stelle,Fill the Void,2012-07-01,6.5,['Drama'],556 days,Wintersemester,Wednesday,2014-01-08,1
513,Am Ende eines viel zu kurzen Tages,Death of a Superhero,2011-05-04,6.83,['Drama'],986 days,Wintersemester,Tuesday,2014-01-14,21
514,Frances Ha,Frances Ha,2013-05-17,7.415,"['Comedy', 'Drama']",243 days,Wintersemester,Wednesday,2014-01-15,5
515,Prince Avalanche,Prince Avalanche,2013-02-13,6.13,"['Comedy', 'Drama']",343 days,Wintersemester,Wednesday,2014-01-22,17
516,No Place on Earth,No Place on Earth,2012-09-10,6.7,"['Documentary', 'War']",505 days,Wintersemester,Tuesday,2014-01-28,27
517,Paulette,Paulette,2012-10-04,6.453,"['Crime', 'Comedy']",482 days,Wintersemester,Wednesday,2014-01-29,38
518,Die Unfassbaren – Now you see me,Now You See Me,2013-05-29,7.344,"['Thriller', 'Crime']",252 days,Wintersemester,Wednesday,2014-02-05,25
519,Fliegende Liebende,I'm So Excited!,2013-03-08,5.76,['Comedy'],340 days,Wintersemester,Tuesday,2014-02-11,18
520,Feuchtgebiete,Wetlands,2013-08-22,5.2,"['Drama', 'Comedy']",174 days,Wintersemester,Wednesday,2014-02-12,26
521,Thank you for smoking,Thank You for Smoking,2005-09-09,7.192,"['Comedy', 'Drama']",586 days,Sommersemester,Wednesday,2007-04-18,63
522,Der Tiger und der Schnee,The Tiger and the Snow,2005-10-14,6.8,"['Comedy', 'Drama', 'Romance']",558 days,Sommersemester,Wednesday,2007-04-25,47
523,Ein Freund von mir,A Friend of Mine,2006-10-05,6.588,['Drama'],209 days,Sommersemester,Wednesday,2007-05-02,124
524,Kukushka,The Cuckoo,2002-01-01,7.095,"['Drama', 'History', 'Romance', 'Comedy']",1953 days,Sommersemester,Tuesday,2007-05-08,64
525,Lichter der Vorstadt,Lights in the Dusk,2006-02-03,6.565,"['Drama', 'Crime']",460 days,Sommersemester,Wednesday,2007-05-09,35
526,Fremde Haut,Unveiled,2005-10-20,6.6,['Drama'],572 days,Sommersemester,Tuesday,2007-05-15,22
527,Skinhead Attitude,Skinhead Attitude,2003-08-08,6.86,['Documentary'],1383 days,Sommersemester,Tuesday,2007-05-22,18
528,Adams Äpfel,Adam's Apples,2005-04-15,7.484,"['Drama', 'Comedy', 'Crime']",768 days,Sommersemester,Wednesday,2007-05-23,65
529,Layer Cake,Layer Cake,2004-09-30,6.923,"['Drama', 'Thriller', 'Crime']",978 days,Sommersemester,Tuesday,2007-06-05,13
530,Requiem,Requiem,2006-03-02,6.7,['Drama'],461 days,Sommersemester,Wednesday,2007-06-06,8
531,Bamako,Bamako,2006-06-21,6.919,['Drama'],356 days,Sommersemester,Tuesday,2007-06-12,43
532,Babel,Babel,2006-10-26,7.18,['Drama'],230 days,Sommersemester,Wednesday,2007-06-13,124
533,Uzak,Distant,2002-12-20,7.0,['Drama'],1649 days,Sommersemester,Tuesday,2007-06-26,15
534,Barbarella,Barbarella,1968-10-10,6.0,"['Science Fiction', 'Adventure', 'Comedy']",14139 days,Sommersemester,Wednesday,2007-06-27,15
535,Kontroll,Kontroll,2003-11-20,7.093,"['Thriller', 'Comedy', 'Crime']",1322 days,Sommersemester,Wednesday,2007-07-04,12
536,Yossi & Jagger,Yossi & Jagger,2002-08-28,6.733,"['War', 'Drama', 'Romance']",1778 days,Sommersemester,Wednesday,2007-07-11,20
537,L'Enfant,The Child,2005-10-19,7.169,['Drama'],637 days,Sommersemester,Wednesday,2007-07-18,8
538,Maze Runner,The Maze Runner,2014-09-10,7.174,"['Action', 'Mystery', 'Science Fiction', 'Thriller']",216 days,Sommersemester,Tuesday,2015-04-14,12
539,The Zero Theorem,The Zero Theorem,2013-09-20,6.096,"['Drama', 'Fantasy', 'Science Fiction']",578 days,Sommersemester,Tuesday,2015-04-21,20
540,Heute gehe ich allein nach Hause,The Way He Looks,2014-03-28,7.933,"['Drama', 'Romance']",390 days,Sommersemester,Wednesday,2015-04-22,20
541,Ein Schotte macht noch keinen Sommer,What We Did on Our Holiday,2014-09-26,6.8,['Comedy'],214 days,Sommersemester,Tuesday,2015-04-28,15
542,Good Vibrations,Good Vibrations,2012-05-31,6.75,"['Music', 'Drama']",1069 days,Sommersemester,Tuesday,2015-05-05,8
543,Ida,Ida,2013-10-25,7.263,['Drama'],558 days,Sommersemester,Wednesday,2015-05-06,15
544,Eine Taube sitzt auf einem Zweig und denkt über das Leben nach,A Pigeon Sat on a Branch Reflecting on Existence,2014-10-24,6.844,"['Drama', 'Comedy']",200 days,Sommersemester,Tuesday,2015-05-12,19
545,Das Mädchen Hirut,Difret,2014-08-10,6.213,['Drama'],276 days,Sommersemester,Wednesday,2015-05-13,28
546,Pride,Pride,2014-09-12,7.734,"['Drama', 'Comedy']",250 days,Sommersemester,Wednesday,2015-05-20,25
547,The gambler,The Gambler,2014-12-25,5.909,"['Thriller', 'Crime', 'Drama']",159 days,Sommersemester,Tuesday,2015-06-02,11
548,Black Ice,"Black Coal, Thin Ice",2014-06-11,6.4,"['Crime', 'Drama', 'Mystery', 'Thriller']",357 days,Sommersemester,Wednesday,2015-06-03,20
549,Wir waren Könige,The King's Surrender,2014-11-13,6.3,"['Drama', 'Crime', 'Thriller']",208 days,Sommersemester,Tuesday,2015-06-09,9
550,Interstellar,Interstellar,2014-11-05,8.419,"['Adventure', 'Drama', 'Science Fiction']",217 days,Sommersemester,Wednesday,2015-06-10,73
551,Wild Tales ,Wild Tales,2014-08-21,7.865,"['Drama', 'Thriller', 'Comedy']",314 days,Sommersemester,Wednesday,2015-07-01,6
552,Baymax,Big Hero 6,2014-10-24,7.736,"['Adventure', 'Family', 'Animation', 'Action', 'Comedy']",242 days,Sommersemester,Tuesday,2015-06-23,69
553,Die Legende der Prinzessin Kaguya,The Tale of The Princess Kaguya,2013-11-23,8.106,"['Animation', 'Drama', 'Fantasy']",578 days,Sommersemester,Wednesday,2015-06-24,93
554,Into the woods,Into the Woods,2014-12-24,5.752,"['Fantasy', 'Comedy']",188 days,Sommersemester,Tuesday,2015-06-30,50
555,Birdman,Birdman,2015-07-01,7.44,['Documentary'],6 days,Sommersemester,Tuesday,2015-07-07,51
556,Der wundersame Katzenfisch,The Amazing Catfish,2013-08-10,6.5,"['Comedy', 'Drama']",697 days,Sommersemester,Wednesday,2015-07-08,3
557,St. Vincent,St. Vincent,2014-10-09,7.1,['Comedy'],278 days,Sommersemester,Tuesday,2015-07-14,11
558,Lion,Lion,2016-11-24,8.083,['Drama'],327 days,Wintersemester,Tuesday,2017-10-17,49
559,Silence,Silence,2016-12-22,7.12,"['Drama', 'History']",300 days,Wintersemester,Wednesday,2017-10-18,37
560,Hell or High Water,Hell or High Water,2016-08-11,7.303,"['Western', 'Crime', 'Drama']",439 days,Wintersemester,Tuesday,2017-10-24,27
561,Der Schamane und die Schlange,Embrace of the Serpent,2015-05-25,7.665,"['Drama', 'Adventure']",884 days,Wintersemester,Wednesday,2017-10-25,21
562,The Evil Dead,The Evil Dead,1981-09-10,7.308,['Horror'],13200 days,Wintersemester,Tuesday,2017-10-31,33
563,Shin Godzilla,Shin Godzilla,2016-07-29,7.1,"['Action', 'Science Fiction', 'Horror']",466 days,Wintersemester,Tuesday,2017-11-07,38
564,Koe no Katachi,A Silent Voice: The Movie,2016-09-17,8.403,"['Animation', 'Drama']",417 days,Wintersemester,Wednesday,2017-11-08,102
565,Metropolis,Metropolis,1927-02-06,8.152,"['Drama', 'Science Fiction']",33154 days,Wintersemester,Tuesday,2017-11-14,53
566,Die andere Seite der Hoffnung,The Other Side of Hope,2017-02-03,7.0,"['Comedy', 'Drama']",285 days,Wintersemester,Wednesday,2017-11-15,22
567,I Am Not Your Negro,I Am Not Your Negro,2017-02-03,7.731,['Documentary'],291 days,Wintersemester,Tuesday,2017-11-21,32
568,Get Out,Get Out,2017-02-24,7.617,"['Mystery', 'Thriller', 'Horror']",271 days,Wintersemester,Wednesday,2017-11-22,80
569,Pleasantville,Pleasantville,1998-09-17,7.246,"['Fantasy', 'Comedy', 'Drama']",7012 days,Wintersemester,Tuesday,2017-11-28,58
570,Philadelphia,Philadelphia,1993-12-22,7.726,['Drama'],8743 days,Wintersemester,Wednesday,2017-11-29,23
571,Marketa Lazarová,Marketa Lazarová,1967-11-24,7.798,"['Drama', 'History']",18274 days,Wintersemester,Tuesday,2017-12-05,13
572,Asterix-Operation Hinkelstein,Asterix and the Big Fight,1989-10-04,6.4,"['Family', 'Animation', 'Adventure', 'Comedy']",10290 days,Wintersemester,Wednesday,2017-12-06,24
573,I Am Not a Serial Killer,I Am Not a Serial Killer,2016-08-26,6.327,"['Drama', 'Horror', 'Mystery', 'Thriller']",473 days,Wintersemester,Tuesday,2017-12-12,19
574,Coherence,Coherence,2013-09-19,7.241,"['Thriller', 'Science Fiction']",1546 days,Wintersemester,Wednesday,2017-12-13,7
575,Wilde Maus,Wild Mouse,2017-02-17,6.609,"['Comedy', 'Drama']",305 days,Wintersemester,Tuesday,2017-12-19,25
576,Mein Leben als Zucchini,My Life as a Zucchini,2016-09-22,7.807,"['Animation', 'Comedy', 'Drama', 'Family', 'Romance']",454 days,Wintersemester,Wednesday,2017-12-20,7
577,La isla Minima,Marshland,2014-09-25,7.0,"['Thriller', 'Crime', 'Mystery']",1202 days,Wintersemester,Tuesday,2018-01-09,5
578,Logan,Logan,2017-02-28,7.818,"['Action', 'Drama', 'Science Fiction']",316 days,Wintersemester,Wednesday,2018-01-10,50
579,Dark Blood,Blood-C: The Last Dark,2012-06-02,7.286,"['Action', 'Horror', 'Science Fiction', 'Animation']",2054 days,Wintersemester,Tuesday,2018-01-16,8
580,Waking Life,Waking Life,2001-10-19,7.483,"['Animation', 'Drama', 'Fantasy']",5934 days,Wintersemester,Wednesday,2018-01-17,16
581,In This Corner of the World,In This Corner of the World,2016-11-12,7.995,"['Drama', 'Animation', 'Romance', 'War', 'History']",438 days,Wintersemester,Wednesday,2018-01-24,61
582,Dunkirk,Dunkirk,2017-07-19,7.456,"['War', 'Action', 'Drama']",195 days,Wintersemester,Tuesday,2018-01-30,119
583,Paths of Glory,Paths of Glory,1957-10-25,8.281,"['Drama', 'War']",22013 days,Wintersemester,Wednesday,2018-01-31,8
584,Baby Driver,Baby Driver,2017-06-28,7.449,"['Action', 'Crime']",223 days,Wintersemester,Tuesday,2018-02-06,57
585,Headshot,Headshot,2016-09-24,6.422,"['Action', 'Thriller', 'Crime']",501 days,Wintersemester,Wednesday,2018-02-07,8
586,Dune,Dune,2021-09-15,7.787,"['Science Fiction', 'Adventure']",202 days,Sommersemester,Tuesday,2022-04-05,40
587,Berlin Alexanderplatz,Berlin Alexanderplatz,2020-06-25,7.0,['Drama'],650 days,Sommersemester,Wednesday,2022-04-06,0
588,The Father,The Father,2020-12-23,8.148,['Drama'],470 days,Sommersemester,Thursday,2022-04-07,0
589,Die nackte Kanone,The Naked Gun 2½: The Smell of Fear,1991-06-28,6.784,"['Comedy', 'Crime']",11246 days,Sommersemester,Tuesday,2022-04-12,7
590,The Green Knight,The Green Knight,2021-07-29,6.578,"['Adventure', 'Drama', 'Fantasy']",258 days,Sommersemester,Wednesday,2022-04-13,2
591,Booksmart,Booksmart,2019-05-24,7.05,['Comedy'],1056 days,Sommersemester,Thursday,2022-04-14,4
592,Encanto,Encanto,2021-10-13,7.63,"['Animation', 'Comedy', 'Family', 'Fantasy']",188 days,Sommersemester,Tuesday,2022-04-19,11
593,La Casa Lobo,The Wolf House,2018-09-26,7.566,"['Animation', 'Horror', 'Fantasy', 'Drama']",1302 days,Sommersemester,Wednesday,2022-04-20,0
594,Titane,Titane,2021-07-14,6.415,"['Drama', 'Thriller', 'Horror']",288 days,Sommersemester,Thursday,2022-04-28,3
595,Gefangen im Netz,Bound,2015-01-09,3.5,['Thriller'],2671 days,Sommersemester,Tuesday,2022-05-03,12
596,The Nightingale,The Nightingale,2018-09-23,7.101,"['Drama', 'Thriller']",1319 days,Sommersemester,Wednesday,2022-05-04,3
597,Lamb,Lamb,2015-10-20,6.0,['Drama'],2389 days,Sommersemester,Thursday,2022-05-05,19
598,Pleasure,Pleasure,2021-10-08,6.294,['Drama'],214 days,Sommersemester,Tuesday,2022-05-10,5
599,Joker,Joker,2019-10-01,8.166,"['Crime', 'Thriller', 'Drama']",953 days,Sommersemester,Wednesday,2022-05-11,24
600,Benedetta,Benedetta,2021-07-09,6.7,"['Drama', 'History', 'Romance']",307 days,Sommersemester,Thursday,2022-05-12,5
601,Thelma,Thelma,2017-09-15,6.86,"['Drama', 'Mystery', 'Thriller']",1705 days,Sommersemester,Tuesday,2022-05-17,0
602,Bergman Island,Bergman Island,2021-07-14,6.204,"['Drama', 'Romance']",308 days,Sommersemester,Wednesday,2022-05-18,1
603,Sneak,Sneakers,1992-09-09,6.897,"['Comedy', 'Crime', 'Drama']",10849 days,Sommersemester,Tuesday,2022-05-24,26
604,Große Freiheit,Great Freedom,2021-11-18,7.161,"['Drama', 'Romance']",188 days,Sommersemester,Wednesday,2022-05-25,0
605,Annette,Annette,2021-07-07,6.774,"['Drama', 'Romance']",328 days,Sommersemester,Tuesday,2022-05-31,3
606,New Order,New Order,2020-10-22,6.54,"['Drama', 'Thriller']",588 days,Sommersemester,Thursday,2022-06-02,0
607,Für Sama,For Sama,2019-07-26,8.261,"['Documentary', 'War']",1055 days,Sommersemester,Wednesday,2022-06-15,15
608,Psycho Goreman,Psycho Goreman,2020-10-29,5.951,"['Science Fiction', 'Comedy', 'Horror']",600 days,Sommersemester,Tuesday,2022-06-21,7
609,Prinzessin Mononoke,Princess Mononoke,1997-07-12,8.338,"['Adventure', 'Fantasy', 'Animation']",9112 days,Sommersemester,Thursday,2022-06-23,33
610,Fabian oder der Gang vor die Hunde,Fabian: Going to the Dogs,2021-08-05,6.605,"['Drama', 'Romance', 'History']",327 days,Sommersemester,Tuesday,2022-06-28,5
611,Spider Man: No way Home,Spider-Man: No Way Home,2021-12-15,8.0,"['Action', 'Adventure', 'Science Fiction']",202 days,Sommersemester,Tuesday,2022-07-05,25
612,Ruben Brandt,"Ruben Brandt, Collector",2018-06-22,7.461,"['Animation', 'Action', 'Thriller', 'Crime']",1475 days,Sommersemester,Wednesday,2022-07-06,3
613,Spencer,Spencer,2021-11-04,6.858,['Drama'],252 days,Sommersemester,Thursday,2022-07-14,13
614,Scouts vs. Zombie,Scouts Guide to the Zombie Apocalypse,2015-10-23,6.511,"['Comedy', 'Horror']",369 days,Wintersemester,Wednesday,2016-10-26,22
615,Unsere kleine Schwester?,Our Little Sister,2015-06-13,7.6,"['Drama', 'Family']",508 days,Wintersemester,Wednesday,2016-11-02,69
616,Son of Saul,Son of Saul,2015-06-11,7.148,"['War', 'Drama', 'Thriller']",516 days,Wintersemester,Tuesday,2016-11-08,42
617,The Neon Demon,The Neon Demon,2016-05-31,6.533,"['Thriller', 'Horror']",168 days,Wintersemester,Tuesday,2016-11-15,40
618,Hentai Kamen,HK: Hentai Kamen 2 - Abnormal Crisis,2016-05-14,6.2,"['Action', 'Comedy']",192 days,Wintersemester,Tuesday,2016-11-22,38
619,Deadpool,Deadpool,2016-02-09,7.607,"['Action', 'Adventure', 'Comedy']",308 days,Wintersemester,Tuesday,2016-12-13,126
620,Eddie the Eagle: Alles ist möglich,Eddie the Eagle,2016-02-25,7.178,"['Comedy', 'Drama', 'History', 'Adventure']",299 days,Wintersemester,Tuesday,2016-12-20,27
621,Fuck for forest,Fuck for Forest,2012-11-23,5.3,"['Drama', 'Documentary']",1157 days,Wintersemester,Sunday,2016-01-24,19
622,Ein Hologramm für den König,A Hologram for the King,2016-04-22,5.84,"['Comedy', 'Drama']",285 days,Wintersemester,Wednesday,2017-02-01,8
623,Spotlight,Spotlight,2015-11-06,7.815,"['Drama', 'History']",93 days,Wintersemester,Sunday,2016-02-07,43
624,Frühstück bei Monsieur Henri,The Student and Mister Henri,2015-10-07,6.631,"['Drama', 'Comedy']",130 days,Wintersemester,Sunday,2016-02-14,82
625,Der Baader-Meinhof-Komplex,The Baader Meinhof Complex,2008-09-25,6.952,"['Action', 'Crime', 'Drama', 'History', 'Thriller']",208 days,Sommersemester,Tuesday,2009-04-21,89
626,Vicky Cristina Barcelona,Vicky Cristina Barcelona,2008-08-15,6.79,"['Drama', 'Romance']",257 days,Sommersemester,Wednesday,2009-04-29,111
627,Ich habe den englischen König bedient,I Served the King of England,2007-01-11,6.879,['Comedy'],846 days,Sommersemester,Wednesday,2009-05-06,13
628,The Acid House,The Acid House,1998-12-31,6.198,"['Comedy', 'Drama']",3792 days,Sommersemester,Tuesday,2009-05-19,28
629,Across the Universe,Across the Universe,2007-09-14,7.135,"['Drama', 'Romance', 'Fantasy']",614 days,Sommersemester,Wednesday,2009-05-20,24
630,Robert Zimmermann wundert sich über die Liebe,Robert Zimmermann Is Tangled Up in Love,2008-08-28,6.76,"['Comedy', 'Romance']",272 days,Sommersemester,Wednesday,2009-05-27,74
631,Frost / Nixon,Frost/Nixon,2008-10-15,7.31,"['Drama', 'History']",237 days,Sommersemester,Tuesday,2009-06-09,69
632,Berlin Calling,Berlin Calling,2008-10-01,6.835,"['Comedy', 'Drama', 'Music']",252 days,Sommersemester,Wednesday,2009-06-10,35
633,The Breakfast Club,The Breakfast Club,1985-02-15,7.75,"['Comedy', 'Drama']",8887 days,Sommersemester,Tuesday,2009-06-16,33
634,Der Sohn von Rambow,Son of Rambow,2007-01-22,6.733,['Comedy'],877 days,Sommersemester,Wednesday,2009-06-17,20
635,The Curious Case of Benjamin Button,The Curious Case of Benjamin Button,2008-12-25,7.579,"['Drama', 'Fantasy', 'Romance']",181 days,Sommersemester,Wednesday,2009-06-24,83
636,It’s a free World,It's a Free World...,2007-09-28,6.478,['Drama'],655 days,Sommersemester,Tuesday,2009-07-14,11
637,Tage und Wolken,Days and Clouds,2007-10-26,6.844,"['Drama', 'Romance', 'Comedy']",634 days,Sommersemester,Tuesday,2009-07-21,6
